Date,Month,Year,Company,Pipeline,Key Point,Latitude,Longitude,Direction Of Flow,Trade Type,Product,Throughput (1000 m3/d),Committed Volumes (1000 m3/d),Uncommitted Volumes (1000 m3/d),Nameplate Capacity (1000 m3/d),Available Capacity (1000 m3/d),Reason For Variance
2006-01-01,1,2006,Trans Mountain Pipeline ULC,Trans Mountain pipeline,Burnaby,49.2685,-122.931,west,intracanada,domestic heavy,0.0,,,,,
2006-01-01,1,2006,Trans Mountain Pipeline ULC,Trans Mountain pipeline,Burnaby,49.2685,-122.931,west,intracanada,domestic light,7.779232258064517,,,,,
2006-01-01,1,2006,Trans Mountain Pipeline ULC,Trans Mountain pipeline,Burnaby,49.2685,-122.931,west,intracanada,refined petroleum products,12.968490322580646,,,,,
2006-01-01,1,2006,Trans Mountain Pipeline ULC,Trans Mountain pipeline,Sumas,49.0766,-122.203,south,export,domestic heavy,0.6254645161290323,,,,,
2006-01-01,1,2006,Trans Mountain Pipeline ULC,Trans Mountain pipeline,Sumas,49.0766,-122.203,south,export,domestic light,14.894087096774191,,,,,
2006-01-01,1,2006,Trans Mountain Pipeline ULC,Trans Mountain pipeline,Sumas,49.0766,-122.203,south,export,refined petroleum products,0.0,,,,,
2006-01-01,1,2006,Trans Mountain Pipeline ULC,Trans Mountain pipeline,Westridge,49.2908,-122.95,west,export,domestic heavy,3.5994741935483874,,,,,
2006-01-01,1,2006,Trans Mountain Pipeline ULC,Trans Mountain pipeline,Westridge,49.2908,-122.95,west,export,domestic light,0.4057741935483871,,,,,
2006-01-01,1,2006,Trans Mountain Pipeline ULC,Trans Mountain pipeline,Westridge,49.2908,-122.95,west,export,refined petroleum products,0.0,,,,,
2006-01-01,1,2006,Trans Mountain Pipeline ULC,Trans Mountain pipeline,system,,,,,,,,,,35.0,
2006-02-01,2,2006,Trans Mountain Pipeline ULC,Trans Mountain pipeline,Burnaby,49.2685,-122.931,west,intracanada,domestic heavy,0.0,,,,,
2006-02-01,2,2006,Trans Mountain Pipeline ULC,Trans Mountain pipeline,Burnaby,49.2685,-122.931,west,intracanada,domestic light,7.857021428571428,,,,,
2006-02-01,2,2006,Trans Mountain Pipeline ULC,Trans Mountain pipeline,Burnaby,49.2685,-122.931,west,intracanada,refined petroleum products,14.060675000000002,,,,,
2006-02-01,2,2006,Trans Mountain Pipeline ULC,Trans Mountain pipeline,Sumas,49.0766,-122.203,south,export,domestic heavy,1.6786857142857143,,,,,
2006-02-01,2,2006,Trans Mountain Pipeline ULC,Trans Mountain pipeline,Sumas,49.0766,-122.203,south,export,domestic light,11.64127142857143,,,,,
2006-02-01,2,2006,Trans Mountain Pipeline ULC,Trans Mountain pipeline,Sumas,49.0766,-122.203,south,export,refined petroleum products,0.0,,,,,
2006-02-01,2,2006,Trans Mountain Pipeline ULC,Trans Mountain pipeline,Westridge,49.2908,-122.95,west,export,domestic heavy,2.4701678571428576,,,,,
2006-02-01,2,2006,Trans Mountain Pipeline ULC,Trans Mountain pipeline,Westridge,49.2908,-122.95,west,export,domestic light,0.27039285714285716,,,,,
2006-02-01,2,2006,Trans Mountain Pipeline ULC,Trans Mountain pipeline,Westridge,49.2908,-122.95,west,export,refined petroleum products,0.0,,,,,
2006-02-01,2,2006,Trans Mountain Pipeline ULC,Trans Mountain pipeline,system,,,,,,,,,,36.0,
2006-03-01,3,2006,Trans Mountain Pipeline ULC,Trans Mountain pipeline,Burnaby,49.2685,-122.931,west,intracanada,domestic heavy,0.0,,,,,
2006-03-01,3,2006,Trans Mountain Pipeline ULC,Trans Mountain pipeline,Burnaby,49.2685,-122.931,west,intracanada,domestic light,7.8982032258064505,,,,,
2006-03-01,3,2006,Trans Mountain Pipeline ULC,Trans Mountain pipeline,Burnaby,49.2685,-122.931,west,intracanada,refined petroleum products,12.80507419354839,,,,,
2006-03-01,3,2006,Trans Mountain Pipeline ULC,Trans Mountain pipeline,Sumas,49.0766,-122.203,south,export,domestic heavy,2.5550483870967744,,,,,
2006-03-01,3,2006,Trans Mountain Pipeline ULC,Trans Mountain pipeline,Sumas,49.0766,-122.203,south,export,domestic light,12.685725806451613,,,,,
2006-03-01,3,2006,Trans Mountain Pipeline ULC,Trans Mountain pipeline,Sumas,49.0766,-122.203,south,export,refined petroleum products,0.0,,,,,
2006-03-01,3,2006,Trans Mountain Pipeline ULC,Trans Mountain pipeline,Westridge,49.2908,-122.95,west,export,domestic heavy,2.8151774193548382,,,,,
2006-03-01,3,2006,Trans Mountain Pipeline ULC,Trans Mountain pipeline,Westridge,49.2908,-122.95,west,export,domestic light,0.42954838709677423,,,,,
2006-03-01,3,2006,Trans Mountain Pipeline ULC,Trans Mountain pipeline,Westridge,49.2908,-122.95,west,export,refined petroleum products,0.0,,,,,
2006-03-01,3,2006,Trans Mountain Pipeline ULC,Trans Mountain pipeline,system,,,,,,,,,,37.0,
2006-04-01,4,2006,Trans Mountain Pipeline ULC,Trans Mountain pipeline,Burnaby,49.2685,-122.931,west,intracanada,domestic heavy,0.0,,,,,
2006-04-01,4,2006,Trans Mountain Pipeline ULC,Trans Mountain pipeline,Burnaby,49.2685,-122.931,west,intracanada,domestic light,5.5317066666666665,,,,,
2006-04-01,4,2006,Trans Mountain Pipeline ULC,Trans Mountain pipeline,Burnaby,49.2685,-122.931,west,intracanada,refined petroleum products,9.57836666666667,,,,,
2006-04-01,4,2006,Trans Mountain Pipeline ULC,Trans Mountain pipeline,Sumas,49.0766,-122.203,south,export,domestic heavy,1.5490933333333332,,,,,
2006-04-01,4,2006,Trans Mountain Pipeline ULC,Trans Mountain pipeline,Sumas,49.0766,-122.203,south,export,domestic light,14.94055666666667,,,,,
2006-04-01,4,2006,Trans Mountain Pipeline ULC,Trans Mountain pipeline,Sumas,49.0766,-122.203,south,export,refined petroleum products,0.0,,,,,
2006-04-01,4,2006,Trans Mountain Pipeline ULC,Trans Mountain pipeline,Westridge,49.2908,-122.95,west,export,domestic heavy,1.1753866666666668,,,,,
2006-04-01,4,2006,Trans Mountain Pipeline ULC,Trans Mountain pipeline,Westridge,49.2908,-122.95,west,export,domestic light,0.17413333333333333,,,,,
2006-04-01,4,2006,Trans Mountain Pipeline ULC,Trans Mountain pipeline,Westridge,49.2908,-122.95,west,export,refined petroleum products,0.0,,,,,
2006-04-01,4,2006,Trans Mountain Pipeline ULC,Trans Mountain pipeline,system,,,,,,,,,,35.0,Maintenance
2006-05-01,5,2006,Trans Mountain Pipeline ULC,Trans Mountain pipeline,Burnaby,49.2685,-122.931,west,intracanada,domestic heavy,0.0,,,,,
2006-05-01,5,2006,Trans Mountain Pipeline ULC,Trans Mountain pipeline,Burnaby,49.2685,-122.931,west,intracanada,domestic light,7.757248387096775,,,,,
2006-05-01,5,2006,Trans Mountain Pipeline ULC,Trans Mountain pipeline,Burnaby,49.2685,-122.931,west,intracanada,refined petroleum products,6.7905999999999995,,,,,
2006-05-01,5,2006,Trans Mountain Pipeline ULC,Trans Mountain pipeline,Sumas,49.0766,-122.203,south,export,domestic heavy,1.4618032258064515,,,,,
2006-05-01,5,2006,Trans Mountain Pipeline ULC,Trans Mountain pipeline,Sumas,49.0766,-122.203,south,export,domestic light,14.38899677419355,,,,,
2006-05-01,5,2006,Trans Mountain Pipeline ULC,Trans Mountain pipeline,Sumas,49.0766,-122.203,south,export,refined petroleum products,0.0,,,,,
2006-05-01,5,2006,Trans Mountain Pipeline ULC,Trans Mountain pipeline,Westridge,49.2908,-122.95,west,export,domestic heavy,0.4125967741935484,,,,,
2006-05-01,5,2006,Trans Mountain Pipeline ULC,Trans Mountain pipeline,Westridge,49.2908,-122.95,west,export,domestic light,1.795532258064516,,,,,
2006-05-01,5,2006,Trans Mountain Pipeline ULC,Trans Mountain pipeline,Westridge,49.2908,-122.95,west,export,refined petroleum products,0.0,,,,,
2006-05-01,5,2006,Trans Mountain Pipeline ULC,Trans Mountain pipeline,system,,,,,,,,,,29.0,
2006-06-01,6,2006,Trans Mountain Pipeline ULC,Trans Mountain pipeline,Burnaby,49.2685,-122.931,west,intracanada,domestic heavy,0.0,,,,,
2006-06-01,6,2006,Trans Mountain Pipeline ULC,Trans Mountain pipeline,Burnaby,49.2685,-122.931,west,intracanada,domestic light,7.787996666666666,,,,,
2006-06-01,6,2006,Trans Mountain Pipeline ULC,Trans Mountain pipeline,Burnaby,49.2685,-122.931,west,intracanada,refined petroleum products,5.911033333333332,,,,,
2006-06-01,6,2006,Trans Mountain Pipeline ULC,Trans Mountain pipeline,Sumas,49.0766,-122.203,south,export,domestic heavy,0.47097000000000006,,,,,
2006-06-01,6,2006,Trans Mountain Pipeline ULC,Trans Mountain pipeline,Sumas,49.0766,-122.203,south,export,domestic light,13.787859999999998,,,,,
2006-06-01,6,2006,Trans Mountain Pipeline ULC,Trans Mountain pipeline,Sumas,49.0766,-122.203,south,export,refined petroleum products,0.0,,,,,
2006-06-01,6,2006,Trans Mountain Pipeline ULC,Trans Mountain pipeline,Westridge,49.2908,-122.95,west,export,domestic heavy,5.770293333333333,,,,,
2006-06-01,6,2006,Trans Mountain Pipeline ULC,Trans Mountain pipeline,Westridge,49.2908,-122.95,west,export,domestic light,0.5049266666666666,,,,,
2006-06-01,6,2006,Trans Mountain Pipeline ULC,Trans Mountain pipeline,Westridge,49.2908,-122.95,west,export,refined petroleum products,0.0,,,,,
2006-06-01,6,2006,Trans Mountain Pipeline ULC,Trans Mountain pipeline,system,,,,,,,,,,36.0,
2006-07-01,7,2006,Trans Mountain Pipeline ULC,Trans Mountain pipeline,Burnaby,49.2685,-122.931,west,intracanada,domestic heavy,0.0,,,,,
2006-07-01,7,2006,Trans Mountain Pipeline ULC,Trans Mountain pipeline,Burnaby,49.2685,-122.931,west,intracanada,domestic light,7.94138064516129,,,,,
2006-07-01,7,2006,Trans Mountain Pipeline ULC,Trans Mountain pipeline,Burnaby,49.2685,-122.931,west,intracanada,refined petroleum products,7.516429032258064,,,,,
2006-07-01,7,2006,Trans Mountain Pipeline ULC,Trans Mountain pipeline,Sumas,49.0766,-122.203,south,export,domestic heavy,0.6753870967741936,,,,,
2006-07-01,7,2006,Trans Mountain Pipeline ULC,Trans Mountain pipeline,Sumas,49.0766,-122.203,south,export,domestic light,14.44809677419355,,,,,
2006-07-01,7,2006,Trans Mountain Pipeline ULC,Trans Mountain pipeline,Sumas,49.0766,-122.203,south,export,refined petroleum products,0.0,,,,,
2006-07-01,7,2006,Trans Mountain Pipeline ULC,Trans Mountain pipeline,Westridge,49.2908,-122.95,west,export,domestic heavy,3.3790354838709677,,,,,
2006-07-01,7,2006,Trans Mountain Pipeline ULC,Trans Mountain pipeline,Westridge,49.2908,-122.95,west,export,domestic light,0.32725806451612904,,,,,
2006-07-01,7,2006,Trans Mountain Pipeline ULC,Trans Mountain pipeline,Westridge,49.2908,-122.95,west,export,refined petroleum products,0.0,,,,,
2006-07-01,7,2006,Trans Mountain Pipeline ULC,Trans Mountain pipeline,system,,,,,,,,,,37.0,Maintenance
2006-08-01,8,2006,Trans Mountain Pipeline ULC,Trans Mountain pipeline,Burnaby,49.2685,-122.931,west,intracanada,domestic heavy,0.0,,,,,
2006-08-01,8,2006,Trans Mountain Pipeline ULC,Trans Mountain pipeline,Burnaby,49.2685,-122.931,west,intracanada,domestic light,8.577496774193548,,,,,
2006-08-01,8,2006,Trans Mountain Pipeline ULC,Trans Mountain pipeline,Burnaby,49.2685,-122.931,west,intracanada,refined petroleum products,9.237590322580646,,,,,
2006-08-01,8,2006,Trans Mountain Pipeline ULC,Trans Mountain pipeline,Sumas,49.0766,-122.203,south,export,domestic heavy,1.7173967741935483,,,,,
2006-08-01,8,2006,Trans Mountain Pipeline ULC,Trans Mountain pipeline,Sumas,49.0766,-122.203,south,export,domestic light,15.577141935483873,,,,,
2006-08-01,8,2006,Trans Mountain Pipeline ULC,Trans Mountain pipeline,Sumas,49.0766,-122.203,south,export,refined petroleum products,0.0,,,,,
2006-08-01,8,2006,Trans Mountain Pipeline ULC,Trans Mountain pipeline,Westridge,49.2908,-122.95,west,export,domestic heavy,2.1894451612903225,,,,,
2006-08-01,8,2006,Trans Mountain Pipeline ULC,Trans Mountain pipeline,Westridge,49.2908,-122.95,west,export,domestic light,0.4005451612903226,,,,,
2006-08-01,8,2006,Trans Mountain Pipeline ULC,Trans Mountain pipeline,Westridge,49.2908,-122.95,west,export,refined petroleum products,0.0,,,,,
2006-08-01,8,2006,Trans Mountain Pipeline ULC,Trans Mountain pipeline,system,,,,,,,,,,37.0,
2006-09-01,9,2006,Trans Mountain Pipeline ULC,Trans Mountain pipeline,Burnaby,49.2685,-122.931,west,intracanada,domestic heavy,0.0,,,,,
2006-09-01,9,2006,Trans Mountain Pipeline ULC,Trans Mountain pipeline,Burnaby,49.2685,-122.931,west,intracanada,domestic light,8.261766666666666,,,,,
2006-09-01,9,2006,Trans Mountain Pipeline ULC,Trans Mountain pipeline,Burnaby,49.2685,-122.931,west,intracanada,refined petroleum products,10.443856666666667,,,,,
2006-09-01,9,2006,Trans Mountain Pipeline ULC,Trans Mountain pipeline,Sumas,49.0766,-122.203,south,export,domestic heavy,1.0247199999999999,,,,,
2006-09-01,9,2006,Trans Mountain Pipeline ULC,Trans Mountain pipeline,Sumas,49.0766,-122.203,south,export,domestic light,15.70272,,,,,
2006-09-01,9,2006,Trans Mountain Pipeline ULC,Trans Mountain pipeline,Sumas,49.0766,-122.203,south,export,refined petroleum products,0.0,,,,,
2006-09-01,9,2006,Trans Mountain Pipeline ULC,Trans Mountain pipeline,Westridge,49.2908,-122.95,west,export,domestic heavy,4.178026666666666,,,,,
2006-09-01,9,2006,Trans Mountain Pipeline ULC,Trans Mountain pipeline,Westridge,49.2908,-122.95,west,export,domestic light,1.3775066666666664,,,,,
2006-09-01,9,2006,Trans Mountain Pipeline ULC,Trans Mountain pipeline,Westridge,49.2908,-122.95,west,export,refined petroleum products,0.0,,,,,
2006-09-01,9,2006,Trans Mountain Pipeline ULC,Trans Mountain pipeline,system,,,,,,,,,,39.0,Maintenance; carryover
2006-10-01,10,2006,Trans Mountain Pipeline ULC,Trans Mountain pipeline,Burnaby,49.2685,-122.931,west,intracanada,domestic heavy,0.0,,,,,
2006-10-01,10,2006,Trans Mountain Pipeline ULC,Trans Mountain pipeline,Burnaby,49.2685,-122.931,west,intracanada,domestic light,6.6601064516129025,,,,,
2006-10-01,10,2006,Trans Mountain Pipeline ULC,Trans Mountain pipeline,Burnaby,49.2685,-122.931,west,intracanada,refined petroleum products,9.039080645161292,,,,,
2006-10-01,10,2006,Trans Mountain Pipeline ULC,Trans Mountain pipeline,Sumas,49.0766,-122.203,south,export,domestic heavy,0.49016129032258066,,,,,
2006-10-01,10,2006,Trans Mountain Pipeline ULC,Trans Mountain pipeline,Sumas,49.0766,-122.203,south,export,domestic light,11.40933225806452,,,,,
2006-10-01,10,2006,Trans Mountain Pipeline ULC,Trans Mountain pipeline,Sumas,49.0766,-122.203,south,export,refined petroleum products,0.0,,,,,
2006-10-01,10,2006,Trans Mountain Pipeline ULC,Trans Mountain pipeline,Westridge,49.2908,-122.95,west,export,domestic heavy,2.4525516129032257,,,,,
2006-10-01,10,2006,Trans Mountain Pipeline ULC,Trans Mountain pipeline,Westridge,49.2908,-122.95,west,export,domestic light,2.851874193548387,,,,,
2006-10-01,10,2006,Trans Mountain Pipeline ULC,Trans Mountain pipeline,Westridge,49.2908,-122.95,west,export,refined petroleum products,0.0,,,,,
2006-10-01,10,2006,Trans Mountain Pipeline ULC,Trans Mountain pipeline,system,,,,,,,,,,35.0,Maintenance
2006-11-01,11,2006,Trans Mountain Pipeline ULC,Trans Mountain pipeline,Burnaby,49.2685,-122.931,west,intracanada,domestic heavy,0.0,,,,,
2006-11-01,11,2006,Trans Mountain Pipeline ULC,Trans Mountain pipeline,Burnaby,49.2685,-122.931,west,intracanada,domestic light,5.360123333333333,,,,,
2006-11-01,11,2006,Trans Mountain Pipeline ULC,Trans Mountain pipeline,Burnaby,49.2685,-122.931,west,intracanada,refined petroleum products,13.476346666666668,,,,,
2006-11-01,11,2006,Trans Mountain Pipeline ULC,Trans Mountain pipeline,Sumas,49.0766,-122.203,south,export,domestic heavy,1.4452033333333334,,,,,
2006-11-01,11,2006,Trans Mountain Pipeline ULC,Trans Mountain pipeline,Sumas,49.0766,-122.203,south,export,domestic light,9.718459999999999,,,,,
2006-11-01,11,2006,Trans Mountain Pipeline ULC,Trans Mountain pipeline,Sumas,49.0766,-122.203,south,export,refined petroleum products,0.0,,,,,
2006-11-01,11,2006,Trans Mountain Pipeline ULC,Trans Mountain pipeline,Westridge,49.2908,-122.95,west,export,domestic heavy,3.3497166666666667,,,,,
2006-11-01,11,2006,Trans Mountain Pipeline ULC,Trans Mountain pipeline,Westridge,49.2908,-122.95,west,export,domestic light,5.230883333333333,,,,,
2006-11-01,11,2006,Trans Mountain Pipeline ULC,Trans Mountain pipeline,Westridge,49.2908,-122.95,west,export,refined petroleum products,0.0,,,,,
2006-11-01,11,2006,Trans Mountain Pipeline ULC,Trans Mountain pipeline,system,,,,,,,,,,37.0,Maintenance; carryover
2006-12-01,12,2006,Trans Mountain Pipeline ULC,Trans Mountain pipeline,Burnaby,49.2685,-122.931,west,intracanada,domestic heavy,0.0,,,,,
2006-12-01,12,2006,Trans Mountain Pipeline ULC,Trans Mountain pipeline,Burnaby,49.2685,-122.931,west,intracanada,domestic light,7.0560967741935485,,,,,
2006-12-01,12,2006,Trans Mountain Pipeline ULC,Trans Mountain pipeline,Burnaby,49.2685,-122.931,west,intracanada,refined petroleum products,11.770977419354836,,,,,
2006-12-01,12,2006,Trans Mountain Pipeline ULC,Trans Mountain pipeline,Sumas,49.0766,-122.203,south,export,domestic heavy,2.1946419354838707,,,,,
2006-12-01,12,2006,Trans Mountain Pipeline ULC,Trans Mountain pipeline,Sumas,49.0766,-122.203,south,export,domestic light,12.367290322580645,,,,,
2006-12-01,12,2006,Trans Mountain Pipeline ULC,Trans Mountain pipeline,Sumas,49.0766,-122.203,south,export,refined petroleum products,0.0,,,,,
2006-12-01,12,2006,Trans Mountain Pipeline ULC,Trans Mountain pipeline,Westridge,49.2908,-122.95,west,export,domestic heavy,1.4824774193548387,,,,,
2006-12-01,12,2006,Trans Mountain Pipeline ULC,Trans Mountain pipeline,Westridge,49.2908,-122.95,west,export,domestic light,1.109325806451613,,,,,
2006-12-01,12,2006,Trans Mountain Pipeline ULC,Trans Mountain pipeline,Westridge,49.2908,-122.95,west,export,refined petroleum products,0.0,,,,,
2006-12-01,12,2006,Trans Mountain Pipeline ULC,Trans Mountain pipeline,system,,,,,,,,,,30.0,Maintenance
2007-01-01,1,2007,Trans Mountain Pipeline ULC,Trans Mountain pipeline,Burnaby,49.2685,-122.931,west,intracanada,domestic heavy,0.0,,,,,
2007-01-01,1,2007,Trans Mountain Pipeline ULC,Trans Mountain pipeline,Burnaby,49.2685,-122.931,west,intracanada,domestic light,8.077987096774192,,,,,
2007-01-01,1,2007,Trans Mountain Pipeline ULC,Trans Mountain pipeline,Burnaby,49.2685,-122.931,west,intracanada,refined petroleum products,10.175283870967746,,,,,
2007-01-01,1,2007,Trans Mountain Pipeline ULC,Trans Mountain pipeline,Sumas,49.0766,-122.203,south,export,domestic heavy,2.8269225806451614,,,,,
2007-01-01,1,2007,Trans Mountain Pipeline ULC,Trans Mountain pipeline,Sumas,49.0766,-122.203,south,export,domestic light,11.786554838709675,,,,,
2007-01-01,1,2007,Trans Mountain Pipeline ULC,Trans Mountain pipeline,Sumas,49.0766,-122.203,south,export,refined petroleum products,0.0,,,,,
2007-01-01,1,2007,Trans Mountain Pipeline ULC,Trans Mountain pipeline,Westridge,49.2908,-122.95,west,export,domestic heavy,2.6555548387096777,,,,,
2007-01-01,1,2007,Trans Mountain Pipeline ULC,Trans Mountain pipeline,Westridge,49.2908,-122.95,west,export,domestic light,0.7904161290322581,,,,,
2007-01-01,1,2007,Trans Mountain Pipeline ULC,Trans Mountain pipeline,Westridge,49.2908,-122.95,west,export,refined petroleum products,0.0,,,,,
2007-01-01,1,2007,Trans Mountain Pipeline ULC,Trans Mountain pipeline,system,,,,,,,,,,36.0,Maintenance
2007-02-01,2,2007,Trans Mountain Pipeline ULC,Trans Mountain pipeline,Burnaby,49.2685,-122.931,west,intracanada,domestic heavy,0.0,,,,,
2007-02-01,2,2007,Trans Mountain Pipeline ULC,Trans Mountain pipeline,Burnaby,49.2685,-122.931,west,intracanada,domestic light,4.807196428571428,,,,,
2007-02-01,2,2007,Trans Mountain Pipeline ULC,Trans Mountain pipeline,Burnaby,49.2685,-122.931,west,intracanada,refined petroleum products,14.334249999999997,,,,,
2007-02-01,2,2007,Trans Mountain Pipeline ULC,Trans Mountain pipeline,Sumas,49.0766,-122.203,south,export,domestic heavy,3.832732142857143,,,,,
2007-02-01,2,2007,Trans Mountain Pipeline ULC,Trans Mountain pipeline,Sumas,49.0766,-122.203,south,export,domestic light,12.724682142857144,,,,,
2007-02-01,2,2007,Trans Mountain Pipeline ULC,Trans Mountain pipeline,Sumas,49.0766,-122.203,south,export,refined petroleum products,0.0,,,,,
2007-02-01,2,2007,Trans Mountain Pipeline ULC,Trans Mountain pipeline,Westridge,49.2908,-122.95,west,export,domestic heavy,0.04107142857142857,,,,,
2007-02-01,2,2007,Trans Mountain Pipeline ULC,Trans Mountain pipeline,Westridge,49.2908,-122.95,west,export,domestic light,0.6902892857142857,,,,,
2007-02-01,2,2007,Trans Mountain Pipeline ULC,Trans Mountain pipeline,Westridge,49.2908,-122.95,west,export,refined petroleum products,0.0,,,,,
2007-02-01,2,2007,Trans Mountain Pipeline ULC,Trans Mountain pipeline,system,,,,,,,,,,35.0,Maintenance
2007-03-01,3,2007,Trans Mountain Pipeline ULC,Trans Mountain pipeline,Burnaby,49.2685,-122.931,west,intracanada,domestic heavy,0.0,,,,,
2007-03-01,3,2007,Trans Mountain Pipeline ULC,Trans Mountain pipeline,Burnaby,49.2685,-122.931,west,intracanada,domestic light,8.073683870967743,,,,,
2007-03-01,3,2007,Trans Mountain Pipeline ULC,Trans Mountain pipeline,Burnaby,49.2685,-122.931,west,intracanada,refined petroleum products,8.963032258064516,,,,,
2007-03-01,3,2007,Trans Mountain Pipeline ULC,Trans Mountain pipeline,Sumas,49.0766,-122.203,south,export,domestic heavy,3.704629032258065,,,,,
2007-03-01,3,2007,Trans Mountain Pipeline ULC,Trans Mountain pipeline,Sumas,49.0766,-122.203,south,export,domestic light,9.322051612903227,,,,,
2007-03-01,3,2007,Trans Mountain Pipeline ULC,Trans Mountain pipeline,Sumas,49.0766,-122.203,south,export,refined petroleum products,0.0,,,,,
2007-03-01,3,2007,Trans Mountain Pipeline ULC,Trans Mountain pipeline,Westridge,49.2908,-122.95,west,export,domestic heavy,1.5861677419354838,,,,,
2007-03-01,3,2007,Trans Mountain Pipeline ULC,Trans Mountain pipeline,Westridge,49.2908,-122.95,west,export,domestic light,0.7663258064516129,,,,,
2007-03-01,3,2007,Trans Mountain Pipeline ULC,Trans Mountain pipeline,Westridge,49.2908,-122.95,west,export,refined petroleum products,0.0,,,,,
2007-03-01,3,2007,Trans Mountain Pipeline ULC,Trans Mountain pipeline,system,,,,,,,,,,35.0,Maintenance
2007-04-01,4,2007,Trans Mountain Pipeline ULC,Trans Mountain pipeline,Burnaby,49.2685,-122.931,west,intracanada,domestic heavy,0.0,,,,,
2007-04-01,4,2007,Trans Mountain Pipeline ULC,Trans Mountain pipeline,Burnaby,49.2685,-122.931,west,intracanada,domestic light,7.58588,,,,,
2007-04-01,4,2007,Trans Mountain Pipeline ULC,Trans Mountain pipeline,Burnaby,49.2685,-122.931,west,intracanada,refined petroleum products,11.602309999999997,,,,,
2007-04-01,4,2007,Trans Mountain Pipeline ULC,Trans Mountain pipeline,Sumas,49.0766,-122.203,south,export,domestic heavy,3.0941966666666665,,,,,
2007-04-01,4,2007,Trans Mountain Pipeline ULC,Trans Mountain pipeline,Sumas,49.0766,-122.203,south,export,domestic light,14.640436666666668,,,,,
2007-04-01,4,2007,Trans Mountain Pipeline ULC,Trans Mountain pipeline,Sumas,49.0766,-122.203,south,export,refined petroleum products,0.0,,,,,
2007-04-01,4,2007,Trans Mountain Pipeline ULC,Trans Mountain pipeline,Westridge,49.2908,-122.95,west,export,domestic heavy,5.823506666666668,,,,,
2007-04-01,4,2007,Trans Mountain Pipeline ULC,Trans Mountain pipeline,Westridge,49.2908,-122.95,west,export,domestic light,0.7113666666666667,,,,,
2007-04-01,4,2007,Trans Mountain Pipeline ULC,Trans Mountain pipeline,Westridge,49.2908,-122.95,west,export,refined petroleum products,0.0,,,,,
2007-04-01,4,2007,Trans Mountain Pipeline ULC,Trans Mountain pipeline,system,,,,,,,,,,40.0,Maintenance; carryover
2007-05-01,5,2007,Trans Mountain Pipeline ULC,Trans Mountain pipeline,Burnaby,49.2685,-122.931,west,intracanada,domestic heavy,0.0,,,,,
2007-05-01,5,2007,Trans Mountain Pipeline ULC,Trans Mountain pipeline,Burnaby,49.2685,-122.931,west,intracanada,domestic light,7.299032258064518,,,,,
2007-05-01,5,2007,Trans Mountain Pipeline ULC,Trans Mountain pipeline,Burnaby,49.2685,-122.931,west,intracanada,refined petroleum products,12.24342580645161,,,,,
2007-05-01,5,2007,Trans Mountain Pipeline ULC,Trans Mountain pipeline,Sumas,49.0766,-122.203,south,export,domestic heavy,1.243125806451613,,,,,
2007-05-01,5,2007,Trans Mountain Pipeline ULC,Trans Mountain pipeline,Sumas,49.0766,-122.203,south,export,domestic light,15.692258064516128,,,,,
2007-05-01,5,2007,Trans Mountain Pipeline ULC,Trans Mountain pipeline,Sumas,49.0766,-122.203,south,export,refined petroleum products,0.0,,,,,
2007-05-01,5,2007,Trans Mountain Pipeline ULC,Trans Mountain pipeline,Westridge,49.2908,-122.95,west,export,domestic heavy,6.17742258064516,,,,,
2007-05-01,5,2007,Trans Mountain Pipeline ULC,Trans Mountain pipeline,Westridge,49.2908,-122.95,west,export,domestic light,0.5719677419354839,,,,,
2007-05-01,5,2007,Trans Mountain Pipeline ULC,Trans Mountain pipeline,Westridge,49.2908,-122.95,west,export,refined petroleum products,0.0,,,,,
2007-05-01,5,2007,Trans Mountain Pipeline ULC,Trans Mountain pipeline,system,,,,,,,,,,42.0,
2007-06-01,6,2007,Trans Mountain Pipeline ULC,Trans Mountain pipeline,Burnaby,49.2685,-122.931,west,intracanada,domestic heavy,0.0,,,,,
2007-06-01,6,2007,Trans Mountain Pipeline ULC,Trans Mountain pipeline,Burnaby,49.2685,-122.931,west,intracanada,domestic light,6.920553333333333,,,,,
2007-06-01,6,2007,Trans Mountain Pipeline ULC,Trans Mountain pipeline,Burnaby,49.2685,-122.931,west,intracanada,refined petroleum products,8.08286,,,,,
2007-06-01,6,2007,Trans Mountain Pipeline ULC,Trans Mountain pipeline,Sumas,49.0766,-122.203,south,export,domestic heavy,1.7347833333333333,,,,,
2007-06-01,6,2007,Trans Mountain Pipeline ULC,Trans Mountain pipeline,Sumas,49.0766,-122.203,south,export,domestic light,16.104450000000003,,,,,
2007-06-01,6,2007,Trans Mountain Pipeline ULC,Trans Mountain pipeline,Sumas,49.0766,-122.203,south,export,refined petroleum products,0.0,,,,,
2007-06-01,6,2007,Trans Mountain Pipeline ULC,Trans Mountain pipeline,Westridge,49.2908,-122.95,west,export,domestic heavy,10.348866666666668,,,,,
2007-06-01,6,2007,Trans Mountain Pipeline ULC,Trans Mountain pipeline,Westridge,49.2908,-122.95,west,export,domestic light,1.1183766666666668,,,,,
2007-06-01,6,2007,Trans Mountain Pipeline ULC,Trans Mountain pipeline,Westridge,49.2908,-122.95,west,export,refined petroleum products,0.0,,,,,
2007-06-01,6,2007,Trans Mountain Pipeline ULC,Trans Mountain pipeline,system,,,,,,,,,,42.0,
2007-07-01,7,2007,Trans Mountain Pipeline ULC,Trans Mountain pipeline,Burnaby,49.2685,-122.931,west,intracanada,domestic heavy,0.0,,,,,
2007-07-01,7,2007,Trans Mountain Pipeline ULC,Trans Mountain pipeline,Burnaby,49.2685,-122.931,west,intracanada,domestic light,7.8016516129032265,,,,,
2007-07-01,7,2007,Trans Mountain Pipeline ULC,Trans Mountain pipeline,Burnaby,49.2685,-122.931,west,intracanada,refined petroleum products,10.218835483870967,,,,,
2007-07-01,7,2007,Trans Mountain Pipeline ULC,Trans Mountain pipeline,Sumas,49.0766,-122.203,south,export,domestic heavy,2.345006451612903,,,,,
2007-07-01,7,2007,Trans Mountain Pipeline ULC,Trans Mountain pipeline,Sumas,49.0766,-122.203,south,export,domestic light,15.044067741935484,,,,,
2007-07-01,7,2007,Trans Mountain Pipeline ULC,Trans Mountain pipeline,Sumas,49.0766,-122.203,south,export,refined petroleum products,0.0,,,,,
2007-07-01,7,2007,Trans Mountain Pipeline ULC,Trans Mountain pipeline,Westridge,49.2908,-122.95,west,export,domestic heavy,7.781848387096773,,,,,
2007-07-01,7,2007,Trans Mountain Pipeline ULC,Trans Mountain pipeline,Westridge,49.2908,-122.95,west,export,domestic light,0.7801612903225806,,,,,
2007-07-01,7,2007,Trans Mountain Pipeline ULC,Trans Mountain pipeline,Westridge,49.2908,-122.95,west,export,refined petroleum products,0.0,,,,,
2007-07-01,7,2007,Trans Mountain Pipeline ULC,Trans Mountain pipeline,system,,,,,,,,,,42.0,
2007-08-01,8,2007,Trans Mountain Pipeline ULC,Trans Mountain pipeline,Burnaby,49.2685,-122.931,west,intracanada,domestic heavy,0.0,,,,,
2007-08-01,8,2007,Trans Mountain Pipeline ULC,Trans Mountain pipeline,Burnaby,49.2685,-122.931,west,intracanada,domestic light,8.1422,,,,,
2007-08-01,8,2007,Trans Mountain Pipeline ULC,Trans Mountain pipeline,Burnaby,49.2685,-122.931,west,intracanada,refined petroleum products,9.99773870967742,,,,,
2007-08-01,8,2007,Trans Mountain Pipeline ULC,Trans Mountain pipeline,Sumas,49.0766,-122.203,south,export,domestic heavy,3.992793548387097,,,,,
2007-08-01,8,2007,Trans Mountain Pipeline ULC,Trans Mountain pipeline,Sumas,49.0766,-122.203,south,export,domestic light,14.703370967741936,,,,,
2007-08-01,8,2007,Trans Mountain Pipeline ULC,Trans Mountain pipeline,Sumas,49.0766,-122.203,south,export,refined petroleum products,0.0,,,,,
2007-08-01,8,2007,Trans Mountain Pipeline ULC,Trans Mountain pipeline,Westridge,49.2908,-122.95,west,export,domestic heavy,3.958435483870968,,,,,
2007-08-01,8,2007,Trans Mountain Pipeline ULC,Trans Mountain pipeline,Westridge,49.2908,-122.95,west,export,domestic light,0.46306451612903227,,,,,
2007-08-01,8,2007,Trans Mountain Pipeline ULC,Trans Mountain pipeline,Westridge,49.2908,-122.95,west,export,refined petroleum products,0.0,,,,,
2007-08-01,8,2007,Trans Mountain Pipeline ULC,Trans Mountain pipeline,system,,,,,,,,,,43.0,
2007-09-01,9,2007,Trans Mountain Pipeline ULC,Trans Mountain pipeline,Burnaby,49.2685,-122.931,west,intracanada,domestic heavy,0.0,,,,,
2007-09-01,9,2007,Trans Mountain Pipeline ULC,Trans Mountain pipeline,Burnaby,49.2685,-122.931,west,intracanada,domestic light,8.32241,,,,,
2007-09-01,9,2007,Trans Mountain Pipeline ULC,Trans Mountain pipeline,Burnaby,49.2685,-122.931,west,intracanada,refined petroleum products,9.040686666666668,,,,,
2007-09-01,9,2007,Trans Mountain Pipeline ULC,Trans Mountain pipeline,Sumas,49.0766,-122.203,south,export,domestic heavy,4.86886,,,,,
2007-09-01,9,2007,Trans Mountain Pipeline ULC,Trans Mountain pipeline,Sumas,49.0766,-122.203,south,export,domestic light,15.838983333333337,,,,,
2007-09-01,9,2007,Trans Mountain Pipeline ULC,Trans Mountain pipeline,Sumas,49.0766,-122.203,south,export,refined petroleum products,0.0,,,,,
2007-09-01,9,2007,Trans Mountain Pipeline ULC,Trans Mountain pipeline,Westridge,49.2908,-122.95,west,export,domestic heavy,7.257876666666666,,,,,
2007-09-01,9,2007,Trans Mountain Pipeline ULC,Trans Mountain pipeline,Westridge,49.2908,-122.95,west,export,domestic light,0.8434666666666666,,,,,
2007-09-01,9,2007,Trans Mountain Pipeline ULC,Trans Mountain pipeline,Westridge,49.2908,-122.95,west,export,refined petroleum products,0.0,,,,,
2007-09-01,9,2007,Trans Mountain Pipeline ULC,Trans Mountain pipeline,system,,,,,,,,,,42.0,
2007-10-01,10,2007,Trans Mountain Pipeline ULC,Trans Mountain pipeline,Burnaby,49.2685,-122.931,west,intracanada,domestic heavy,0.0,,,,,
2007-10-01,10,2007,Trans Mountain Pipeline ULC,Trans Mountain pipeline,Burnaby,49.2685,-122.931,west,intracanada,domestic light,7.829232258064517,,,,,
2007-10-01,10,2007,Trans Mountain Pipeline ULC,Trans Mountain pipeline,Burnaby,49.2685,-122.931,west,intracanada,refined petroleum products,10.428980645161289,,,,,
2007-10-01,10,2007,Trans Mountain Pipeline ULC,Trans Mountain pipeline,Sumas,49.0766,-122.203,south,export,domestic heavy,4.985780645161291,,,,,
2007-10-01,10,2007,Trans Mountain Pipeline ULC,Trans Mountain pipeline,Sumas,49.0766,-122.203,south,export,domestic light,12.267316129032258,,,,,
2007-10-01,10,2007,Trans Mountain Pipeline ULC,Trans Mountain pipeline,Sumas,49.0766,-122.203,south,export,refined petroleum products,0.0,,,,,
2007-10-01,10,2007,Trans Mountain Pipeline ULC,Trans Mountain pipeline,Westridge,49.2908,-122.95,west,export,domestic heavy,4.870454838709678,,,,,
2007-10-01,10,2007,Trans Mountain Pipeline ULC,Trans Mountain pipeline,Westridge,49.2908,-122.95,west,export,domestic light,1.1350580645161292,,,,,
2007-10-01,10,2007,Trans Mountain Pipeline ULC,Trans Mountain pipeline,Westridge,49.2908,-122.95,west,export,refined petroleum products,0.0,,,,,
2007-10-01,10,2007,Trans Mountain Pipeline ULC,Trans Mountain pipeline,system,,,,,,,,,,39.0,Maintenance
2007-11-01,11,2007,Trans Mountain Pipeline ULC,Trans Mountain pipeline,Burnaby,49.2685,-122.931,west,intracanada,domestic heavy,0.0,,,,,
2007-11-01,11,2007,Trans Mountain Pipeline ULC,Trans Mountain pipeline,Burnaby,49.2685,-122.931,west,intracanada,domestic light,6.34540333333333,,,,,
2007-11-01,11,2007,Trans Mountain Pipeline ULC,Trans Mountain pipeline,Burnaby,49.2685,-122.931,west,intracanada,refined petroleum products,10.8279366666666,,,,,
2007-11-01,11,2007,Trans Mountain Pipeline ULC,Trans Mountain pipeline,Sumas,49.0766,-122.203,south,export,domestic heavy,5.0553,,,,,
2007-11-01,11,2007,Trans Mountain Pipeline ULC,Trans Mountain pipeline,Sumas,49.0766,-122.203,south,export,domestic light,5.32449,,,,,
2007-11-01,11,2007,Trans Mountain Pipeline ULC,Trans Mountain pipeline,Sumas,49.0766,-122.203,south,export,refined petroleum products,0.464556666666666,,,,,
2007-11-01,11,2007,Trans Mountain Pipeline ULC,Trans Mountain pipeline,Westridge,49.2908,-122.95,west,export,domestic heavy,7.11018,,,,,
2007-11-01,11,2007,Trans Mountain Pipeline ULC,Trans Mountain pipeline,Westridge,49.2908,-122.95,west,export,domestic light,0.0,,,,,
2007-11-01,11,2007,Trans Mountain Pipeline ULC,Trans Mountain pipeline,Westridge,49.2908,-122.95,west,export,refined petroleum products,0.0,,,,,
2007-11-01,11,2007,Trans Mountain Pipeline ULC,Trans Mountain pipeline,system,,,,,,,,,,43.0,
2007-12-01,12,2007,Trans Mountain Pipeline ULC,Trans Mountain pipeline,Burnaby,49.2685,-122.931,west,intracanada,domestic heavy,0.0,,,,,
2007-12-01,12,2007,Trans Mountain Pipeline ULC,Trans Mountain pipeline,Burnaby,49.2685,-122.931,west,intracanada,domestic light,6.6461064516129,,,,,
2007-12-01,12,2007,Trans Mountain Pipeline ULC,Trans Mountain pipeline,Burnaby,49.2685,-122.931,west,intracanada,refined petroleum products,10.1279387096774,,,,,
2007-12-01,12,2007,Trans Mountain Pipeline ULC,Trans Mountain pipeline,Sumas,49.0766,-122.203,south,export,domestic heavy,3.83422258064516,,,,,
2007-12-01,12,2007,Trans Mountain Pipeline ULC,Trans Mountain pipeline,Sumas,49.0766,-122.203,south,export,domestic light,12.2328032258064,,,,,
2007-12-01,12,2007,Trans Mountain Pipeline ULC,Trans Mountain pipeline,Sumas,49.0766,-122.203,south,export,refined petroleum products,0.0,,,,,
2007-12-01,12,2007,Trans Mountain Pipeline ULC,Trans Mountain pipeline,Westridge,49.2908,-122.95,west,export,domestic heavy,7.7127,,,,,
2007-12-01,12,2007,Trans Mountain Pipeline ULC,Trans Mountain pipeline,Westridge,49.2908,-122.95,west,export,domestic light,0.0,,,,,
2007-12-01,12,2007,Trans Mountain Pipeline ULC,Trans Mountain pipeline,Westridge,49.2908,-122.95,west,export,refined petroleum products,0.0,,,,,
2007-12-01,12,2007,Trans Mountain Pipeline ULC,Trans Mountain pipeline,system,,,,,,,,,,40.0,Maintenance
2008-01-01,1,2008,Trans Mountain Pipeline ULC,Trans Mountain pipeline,Burnaby,49.2685,-122.931,west,intracanada,domestic heavy,0.0,,,,,
2008-01-01,1,2008,Trans Mountain Pipeline ULC,Trans Mountain pipeline,Burnaby,49.2685,-122.931,west,intracanada,domestic light,6.29314193548387,,,,,
2008-01-01,1,2008,Trans Mountain Pipeline ULC,Trans Mountain pipeline,Burnaby,49.2685,-122.931,west,intracanada,refined petroleum products,10.3718322580645,,,,,
2008-01-01,1,2008,Trans Mountain Pipeline ULC,Trans Mountain pipeline,Sumas,49.0766,-122.203,south,export,domestic heavy,6.04386774193548,,,,,
2008-01-01,1,2008,Trans Mountain Pipeline ULC,Trans Mountain pipeline,Sumas,49.0766,-122.203,south,export,domestic light,9.78214516129032,,,,,
2008-01-01,1,2008,Trans Mountain Pipeline ULC,Trans Mountain pipeline,Sumas,49.0766,-122.203,south,export,refined petroleum products,0.0,,,,,
2008-01-01,1,2008,Trans Mountain Pipeline ULC,Trans Mountain pipeline,Westridge,49.2908,-122.95,west,export,domestic heavy,4.38465161290322,,,,,
2008-01-01,1,2008,Trans Mountain Pipeline ULC,Trans Mountain pipeline,Westridge,49.2908,-122.95,west,export,domestic light,0.0,,,,,
2008-01-01,1,2008,Trans Mountain Pipeline ULC,Trans Mountain pipeline,Westridge,49.2908,-122.95,west,export,refined petroleum products,0.0,,,,,
2008-01-01,1,2008,Trans Mountain Pipeline ULC,Trans Mountain pipeline,system,,,,,,,,,,40.0,Carryover
2008-02-01,2,2008,Trans Mountain Pipeline ULC,Trans Mountain pipeline,Burnaby,49.2685,-122.931,west,intracanada,domestic heavy,0.0,,,,,
2008-02-01,2,2008,Trans Mountain Pipeline ULC,Trans Mountain pipeline,Burnaby,49.2685,-122.931,west,intracanada,domestic light,6.80683103448275,,,,,
2008-02-01,2,2008,Trans Mountain Pipeline ULC,Trans Mountain pipeline,Burnaby,49.2685,-122.931,west,intracanada,refined petroleum products,6.72321034482758,,,,,
2008-02-01,2,2008,Trans Mountain Pipeline ULC,Trans Mountain pipeline,Sumas,49.0766,-122.203,south,export,domestic heavy,5.46379655172413,,,,,
2008-02-01,2,2008,Trans Mountain Pipeline ULC,Trans Mountain pipeline,Sumas,49.0766,-122.203,south,export,domestic light,10.7137931034482,,,,,
2008-02-01,2,2008,Trans Mountain Pipeline ULC,Trans Mountain pipeline,Sumas,49.0766,-122.203,south,export,refined petroleum products,0.0,,,,,
2008-02-01,2,2008,Trans Mountain Pipeline ULC,Trans Mountain pipeline,Westridge,49.2908,-122.95,west,export,domestic heavy,8.20483793103448,,,,,
2008-02-01,2,2008,Trans Mountain Pipeline ULC,Trans Mountain pipeline,Westridge,49.2908,-122.95,west,export,domestic light,0.0,,,,,
2008-02-01,2,2008,Trans Mountain Pipeline ULC,Trans Mountain pipeline,Westridge,49.2908,-122.95,west,export,refined petroleum products,0.0,,,,,
2008-02-01,2,2008,Trans Mountain Pipeline ULC,Trans Mountain pipeline,system,,,,,,,,,,42.0,
2008-03-01,3,2008,Trans Mountain Pipeline ULC,Trans Mountain pipeline,Burnaby,49.2685,-122.931,west,intracanada,domestic heavy,0.0,,,,,
2008-03-01,3,2008,Trans Mountain Pipeline ULC,Trans Mountain pipeline,Burnaby,49.2685,-122.931,west,intracanada,domestic light,0.1106,,,,,
2008-03-01,3,2008,Trans Mountain Pipeline ULC,Trans Mountain pipeline,Burnaby,49.2685,-122.931,west,intracanada,refined petroleum products,5.07097419354838,,,,,
2008-03-01,3,2008,Trans Mountain Pipeline ULC,Trans Mountain pipeline,Sumas,49.0766,-122.203,south,export,domestic heavy,4.60823225806451,,,,,
2008-03-01,3,2008,Trans Mountain Pipeline ULC,Trans Mountain pipeline,Sumas,49.0766,-122.203,south,export,domestic light,12.9371225806451,,,,,
2008-03-01,3,2008,Trans Mountain Pipeline ULC,Trans Mountain pipeline,Sumas,49.0766,-122.203,south,export,refined petroleum products,0.0,,,,,
2008-03-01,3,2008,Trans Mountain Pipeline ULC,Trans Mountain pipeline,Westridge,49.2908,-122.95,west,export,domestic heavy,2.45048064516129,,,,,
2008-03-01,3,2008,Trans Mountain Pipeline ULC,Trans Mountain pipeline,Westridge,49.2908,-122.95,west,export,domestic light,0.0,,,,,
2008-03-01,3,2008,Trans Mountain Pipeline ULC,Trans Mountain pipeline,Westridge,49.2908,-122.95,west,export,refined petroleum products,0.0,,,,,
2008-03-01,3,2008,Trans Mountain Pipeline ULC,Trans Mountain pipeline,system,,,,,,,,,,33.0,Maintenance
2008-04-01,4,2008,Trans Mountain Pipeline ULC,Trans Mountain pipeline,Burnaby,49.2685,-122.931,west,intracanada,domestic heavy,0.0,,,,,
2008-04-01,4,2008,Trans Mountain Pipeline ULC,Trans Mountain pipeline,Burnaby,49.2685,-122.931,west,intracanada,domestic light,5.56989666666666,,,,,
2008-04-01,4,2008,Trans Mountain Pipeline ULC,Trans Mountain pipeline,Burnaby,49.2685,-122.931,west,intracanada,refined petroleum products,5.96822,,,,,
2008-04-01,4,2008,Trans Mountain Pipeline ULC,Trans Mountain pipeline,Sumas,49.0766,-122.203,south,export,domestic heavy,8.28090666666666,,,,,
2008-04-01,4,2008,Trans Mountain Pipeline ULC,Trans Mountain pipeline,Sumas,49.0766,-122.203,south,export,domestic light,11.5246533333333,,,,,
2008-04-01,4,2008,Trans Mountain Pipeline ULC,Trans Mountain pipeline,Sumas,49.0766,-122.203,south,export,refined petroleum products,0.0,,,,,
2008-04-01,4,2008,Trans Mountain Pipeline ULC,Trans Mountain pipeline,Westridge,49.2908,-122.95,west,export,domestic heavy,3.29049,,,,,
2008-04-01,4,2008,Trans Mountain Pipeline ULC,Trans Mountain pipeline,Westridge,49.2908,-122.95,west,export,domestic light,2.38941666666666,,,,,
2008-04-01,4,2008,Trans Mountain Pipeline ULC,Trans Mountain pipeline,Westridge,49.2908,-122.95,west,export,refined petroleum products,0.0,,,,,
2008-04-01,4,2008,Trans Mountain Pipeline ULC,Trans Mountain pipeline,system,,,,,,,,,,40.0,Maintenance
2008-05-01,5,2008,Trans Mountain Pipeline ULC,Trans Mountain pipeline,Burnaby,49.2685,-122.931,west,intracanada,domestic heavy,0.0,,,,,
2008-05-01,5,2008,Trans Mountain Pipeline ULC,Trans Mountain pipeline,Burnaby,49.2685,-122.931,west,intracanada,domestic light,7.93435483870967,,,,,
2008-05-01,5,2008,Trans Mountain Pipeline ULC,Trans Mountain pipeline,Burnaby,49.2685,-122.931,west,intracanada,refined petroleum products,9.24592903225806,,,,,
2008-05-01,5,2008,Trans Mountain Pipeline ULC,Trans Mountain pipeline,Sumas,49.0766,-122.203,south,export,domestic heavy,4.64403870967741,,,,,
2008-05-01,5,2008,Trans Mountain Pipeline ULC,Trans Mountain pipeline,Sumas,49.0766,-122.203,south,export,domestic light,13.0529096774193,,,,,
2008-05-01,5,2008,Trans Mountain Pipeline ULC,Trans Mountain pipeline,Sumas,49.0766,-122.203,south,export,refined petroleum products,0.0,,,,,
2008-05-01,5,2008,Trans Mountain Pipeline ULC,Trans Mountain pipeline,Westridge,49.2908,-122.95,west,export,domestic heavy,3.37652580645161,,,,,
2008-05-01,5,2008,Trans Mountain Pipeline ULC,Trans Mountain pipeline,Westridge,49.2908,-122.95,west,export,domestic light,0.0,,,,,
2008-05-01,5,2008,Trans Mountain Pipeline ULC,Trans Mountain pipeline,Westridge,49.2908,-122.95,west,export,refined petroleum products,0.0,,,,,
2008-05-01,5,2008,Trans Mountain Pipeline ULC,Trans Mountain pipeline,system,,,,,,,,,,42.0,
2008-06-01,6,2008,Trans Mountain Pipeline ULC,Trans Mountain pipeline,Burnaby,49.2685,-122.931,west,intracanada,domestic heavy,0.0,,,,,
2008-06-01,6,2008,Trans Mountain Pipeline ULC,Trans Mountain pipeline,Burnaby,49.2685,-122.931,west,intracanada,domestic light,5.45785666666666,,,,,
2008-06-01,6,2008,Trans Mountain Pipeline ULC,Trans Mountain pipeline,Burnaby,49.2685,-122.931,west,intracanada,refined petroleum products,9.88003333333333,,,,,
2008-06-01,6,2008,Trans Mountain Pipeline ULC,Trans Mountain pipeline,Sumas,49.0766,-122.203,south,export,domestic heavy,3.80710333333333,,,,,
2008-06-01,6,2008,Trans Mountain Pipeline ULC,Trans Mountain pipeline,Sumas,49.0766,-122.203,south,export,domestic light,11.67057,,,,,
2008-06-01,6,2008,Trans Mountain Pipeline ULC,Trans Mountain pipeline,Sumas,49.0766,-122.203,south,export,refined petroleum products,0.0,,,,,
2008-06-01,6,2008,Trans Mountain Pipeline ULC,Trans Mountain pipeline,Westridge,49.2908,-122.95,west,export,domestic heavy,7.61112333333333,,,,,
2008-06-01,6,2008,Trans Mountain Pipeline ULC,Trans Mountain pipeline,Westridge,49.2908,-122.95,west,export,domestic light,0.0,,,,,
2008-06-01,6,2008,Trans Mountain Pipeline ULC,Trans Mountain pipeline,Westridge,49.2908,-122.95,west,export,refined petroleum products,0.0,,,,,
2008-06-01,6,2008,Trans Mountain Pipeline ULC,Trans Mountain pipeline,system,,,,,,,,,,41.0,
2008-07-01,7,2008,Trans Mountain Pipeline ULC,Trans Mountain pipeline,Burnaby,49.2685,-122.931,west,intracanada,domestic heavy,0.0,,,,,
2008-07-01,7,2008,Trans Mountain Pipeline ULC,Trans Mountain pipeline,Burnaby,49.2685,-122.931,west,intracanada,domestic light,5.72821612903225,,,,,
2008-07-01,7,2008,Trans Mountain Pipeline ULC,Trans Mountain pipeline,Burnaby,49.2685,-122.931,west,intracanada,refined petroleum products,5.98963548387096,,,,,
2008-07-01,7,2008,Trans Mountain Pipeline ULC,Trans Mountain pipeline,Sumas,49.0766,-122.203,south,export,domestic heavy,3.07565161290322,,,,,
2008-07-01,7,2008,Trans Mountain Pipeline ULC,Trans Mountain pipeline,Sumas,49.0766,-122.203,south,export,domestic light,15.2201129032258,,,,,
2008-07-01,7,2008,Trans Mountain Pipeline ULC,Trans Mountain pipeline,Sumas,49.0766,-122.203,south,export,refined petroleum products,0.0,,,,,
2008-07-01,7,2008,Trans Mountain Pipeline ULC,Trans Mountain pipeline,Westridge,49.2908,-122.95,west,export,domestic heavy,2.07098064516129,,,,,
2008-07-01,7,2008,Trans Mountain Pipeline ULC,Trans Mountain pipeline,Westridge,49.2908,-122.95,west,export,domestic light,1.52795161290322,,,,,
2008-07-01,7,2008,Trans Mountain Pipeline ULC,Trans Mountain pipeline,Westridge,49.2908,-122.95,west,export,refined petroleum products,0.0,,,,,
2008-07-01,7,2008,Trans Mountain Pipeline ULC,Trans Mountain pipeline,system,,,,,,,,,,38.0,
2008-08-01,8,2008,Trans Mountain Pipeline ULC,Trans Mountain pipeline,Burnaby,49.2685,-122.931,west,intracanada,domestic heavy,0.0,,,,,
2008-08-01,8,2008,Trans Mountain Pipeline ULC,Trans Mountain pipeline,Burnaby,49.2685,-122.931,west,intracanada,domestic light,8.26393548387096,,,,,
2008-08-01,8,2008,Trans Mountain Pipeline ULC,Trans Mountain pipeline,Burnaby,49.2685,-122.931,west,intracanada,refined petroleum products,5.29997741935483,,,,,
2008-08-01,8,2008,Trans Mountain Pipeline ULC,Trans Mountain pipeline,Sumas,49.0766,-122.203,south,export,domestic heavy,2.31392903225806,,,,,
2008-08-01,8,2008,Trans Mountain Pipeline ULC,Trans Mountain pipeline,Sumas,49.0766,-122.203,south,export,domestic light,16.7124451612903,,,,,
2008-08-01,8,2008,Trans Mountain Pipeline ULC,Trans Mountain pipeline,Sumas,49.0766,-122.203,south,export,refined petroleum products,0.0,,,,,
2008-08-01,8,2008,Trans Mountain Pipeline ULC,Trans Mountain pipeline,Westridge,49.2908,-122.95,west,export,domestic heavy,2.35786774193548,,,,,
2008-08-01,8,2008,Trans Mountain Pipeline ULC,Trans Mountain pipeline,Westridge,49.2908,-122.95,west,export,domestic light,3.97710967741935,,,,,
2008-08-01,8,2008,Trans Mountain Pipeline ULC,Trans Mountain pipeline,Westridge,49.2908,-122.95,west,export,refined petroleum products,0.0,,,,,
2008-08-01,8,2008,Trans Mountain Pipeline ULC,Trans Mountain pipeline,system,,,,,,,,,,36.0,
2008-09-01,9,2008,Trans Mountain Pipeline ULC,Trans Mountain pipeline,Burnaby,49.2685,-122.931,west,intracanada,domestic heavy,0.0,,,,,
2008-09-01,9,2008,Trans Mountain Pipeline ULC,Trans Mountain pipeline,Burnaby,49.2685,-122.931,west,intracanada,domestic light,6.89409666666666,,,,,
2008-09-01,9,2008,Trans Mountain Pipeline ULC,Trans Mountain pipeline,Burnaby,49.2685,-122.931,west,intracanada,refined petroleum products,3.56009333333333,,,,,
2008-09-01,9,2008,Trans Mountain Pipeline ULC,Trans Mountain pipeline,Sumas,49.0766,-122.203,south,export,domestic heavy,1.27722333333333,,,,,
2008-09-01,9,2008,Trans Mountain Pipeline ULC,Trans Mountain pipeline,Sumas,49.0766,-122.203,south,export,domestic light,19.7134466666666,,,,,
2008-09-01,9,2008,Trans Mountain Pipeline ULC,Trans Mountain pipeline,Sumas,49.0766,-122.203,south,export,refined petroleum products,0.0,,,,,
2008-09-01,9,2008,Trans Mountain Pipeline ULC,Trans Mountain pipeline,Westridge,49.2908,-122.95,west,export,domestic heavy,8.36102333333333,,,,,
2008-09-01,9,2008,Trans Mountain Pipeline ULC,Trans Mountain pipeline,Westridge,49.2908,-122.95,west,export,domestic light,4.9639,,,,,
2008-09-01,9,2008,Trans Mountain Pipeline ULC,Trans Mountain pipeline,Westridge,49.2908,-122.95,west,export,refined petroleum products,0.0,,,,,
2008-09-01,9,2008,Trans Mountain Pipeline ULC,Trans Mountain pipeline,system,,,,,,,,,,42.0,
2008-10-01,10,2008,Trans Mountain Pipeline ULC,Trans Mountain pipeline,Burnaby,49.2685,-122.931,west,intracanada,domestic heavy,0.0,,,,,
2008-10-01,10,2008,Trans Mountain Pipeline ULC,Trans Mountain pipeline,Burnaby,49.2685,-122.931,west,intracanada,domestic light,3.56677419354838,,,,,
2008-10-01,10,2008,Trans Mountain Pipeline ULC,Trans Mountain pipeline,Burnaby,49.2685,-122.931,west,intracanada,refined petroleum products,3.1243,,,,,
2008-10-01,10,2008,Trans Mountain Pipeline ULC,Trans Mountain pipeline,Sumas,49.0766,-122.203,south,export,domestic heavy,1.8883,,,,,
2008-10-01,10,2008,Trans Mountain Pipeline ULC,Trans Mountain pipeline,Sumas,49.0766,-122.203,south,export,domestic light,19.6425580645161,,,,,
2008-10-01,10,2008,Trans Mountain Pipeline ULC,Trans Mountain pipeline,Sumas,49.0766,-122.203,south,export,refined petroleum products,0.0,,,,,
2008-10-01,10,2008,Trans Mountain Pipeline ULC,Trans Mountain pipeline,Westridge,49.2908,-122.95,west,export,domestic heavy,4.20699032258064,,,,,
2008-10-01,10,2008,Trans Mountain Pipeline ULC,Trans Mountain pipeline,Westridge,49.2908,-122.95,west,export,domestic light,3.73924838709677,,,,,
2008-10-01,10,2008,Trans Mountain Pipeline ULC,Trans Mountain pipeline,Westridge,49.2908,-122.95,west,export,refined petroleum products,0.0,,,,,
2008-10-01,10,2008,Trans Mountain Pipeline ULC,Trans Mountain pipeline,system,,,,,,,,,,40.0,Maintenance
2008-11-01,11,2008,Trans Mountain Pipeline ULC,Trans Mountain pipeline,Burnaby,49.2685,-122.931,west,intracanada,domestic heavy,0.0,,,,,
2008-11-01,11,2008,Trans Mountain Pipeline ULC,Trans Mountain pipeline,Burnaby,49.2685,-122.931,west,intracanada,domestic light,3.25776,,,,,
2008-11-01,11,2008,Trans Mountain Pipeline ULC,Trans Mountain pipeline,Burnaby,49.2685,-122.931,west,intracanada,refined petroleum products,6.0424,,,,,
2008-11-01,11,2008,Trans Mountain Pipeline ULC,Trans Mountain pipeline,Sumas,49.0766,-122.203,south,export,domestic heavy,0.591786666666666,,,,,
2008-11-01,11,2008,Trans Mountain Pipeline ULC,Trans Mountain pipeline,Sumas,49.0766,-122.203,south,export,domestic light,20.6906633333333,,,,,
2008-11-01,11,2008,Trans Mountain Pipeline ULC,Trans Mountain pipeline,Sumas,49.0766,-122.203,south,export,refined petroleum products,0.0,,,,,
2008-11-01,11,2008,Trans Mountain Pipeline ULC,Trans Mountain pipeline,Westridge,49.2908,-122.95,west,export,domestic heavy,4.65272,,,,,
2008-11-01,11,2008,Trans Mountain Pipeline ULC,Trans Mountain pipeline,Westridge,49.2908,-122.95,west,export,domestic light,9.32599333333333,,,,,
2008-11-01,11,2008,Trans Mountain Pipeline ULC,Trans Mountain pipeline,Westridge,49.2908,-122.95,west,export,refined petroleum products,0.0,,,,,
2008-11-01,11,2008,Trans Mountain Pipeline ULC,Trans Mountain pipeline,system,,,,,,,,,,49.0,
2008-12-01,12,2008,Trans Mountain Pipeline ULC,Trans Mountain pipeline,Burnaby,49.2685,-122.931,west,intracanada,domestic heavy,0.0,,,,,
2008-12-01,12,2008,Trans Mountain Pipeline ULC,Trans Mountain pipeline,Burnaby,49.2685,-122.931,west,intracanada,domestic light,5.81133870967741,,,,,
2008-12-01,12,2008,Trans Mountain Pipeline ULC,Trans Mountain pipeline,Burnaby,49.2685,-122.931,west,intracanada,refined petroleum products,12.5446483870967,,,,,
2008-12-01,12,2008,Trans Mountain Pipeline ULC,Trans Mountain pipeline,Sumas,49.0766,-122.203,south,export,domestic heavy,1.04955806451612,,,,,
2008-12-01,12,2008,Trans Mountain Pipeline ULC,Trans Mountain pipeline,Sumas,49.0766,-122.203,south,export,domestic light,14.8793548387096,,,,,
2008-12-01,12,2008,Trans Mountain Pipeline ULC,Trans Mountain pipeline,Sumas,49.0766,-122.203,south,export,refined petroleum products,0.0,,,,,
2008-12-01,12,2008,Trans Mountain Pipeline ULC,Trans Mountain pipeline,Westridge,49.2908,-122.95,west,export,domestic heavy,5.61563870967741,,,,,
2008-12-01,12,2008,Trans Mountain Pipeline ULC,Trans Mountain pipeline,Westridge,49.2908,-122.95,west,export,domestic light,0.356683870967741,,,,,
2008-12-01,12,2008,Trans Mountain Pipeline ULC,Trans Mountain pipeline,Westridge,49.2908,-122.95,west,export,refined petroleum products,0.0,,,,,
2008-12-01,12,2008,Trans Mountain Pipeline ULC,Trans Mountain pipeline,system,,,,,,,,,,40.0,
2009-01-01,1,2009,Trans Mountain Pipeline ULC,Trans Mountain pipeline,Burnaby,49.2685,-122.931,west,intracanada,domestic heavy,0.0,,,,,
2009-01-01,1,2009,Trans Mountain Pipeline ULC,Trans Mountain pipeline,Burnaby,49.2685,-122.931,west,intracanada,domestic light,7.45274193548387,,,,,
2009-01-01,1,2009,Trans Mountain Pipeline ULC,Trans Mountain pipeline,Burnaby,49.2685,-122.931,west,intracanada,refined petroleum products,8.13624193548387,,,,,
2009-01-01,1,2009,Trans Mountain Pipeline ULC,Trans Mountain pipeline,Sumas,49.0766,-122.203,south,export,domestic heavy,0.0,,,,,
2009-01-01,1,2009,Trans Mountain Pipeline ULC,Trans Mountain pipeline,Sumas,49.0766,-122.203,south,export,domestic light,9.34183225806451,,,,,
2009-01-01,1,2009,Trans Mountain Pipeline ULC,Trans Mountain pipeline,Sumas,49.0766,-122.203,south,export,refined petroleum products,0.0,,,,,
2009-01-01,1,2009,Trans Mountain Pipeline ULC,Trans Mountain pipeline,Westridge,49.2908,-122.95,west,export,domestic heavy,5.30941612903225,,,,,
2009-01-01,1,2009,Trans Mountain Pipeline ULC,Trans Mountain pipeline,Westridge,49.2908,-122.95,west,export,domestic light,0.868516129032258,,,,,
2009-01-01,1,2009,Trans Mountain Pipeline ULC,Trans Mountain pipeline,Westridge,49.2908,-122.95,west,export,refined petroleum products,0.0,,,,,
2009-01-01,1,2009,Trans Mountain Pipeline ULC,Trans Mountain pipeline,system,,,,,,,,,,28.0,
2009-02-01,2,2009,Trans Mountain Pipeline ULC,Trans Mountain pipeline,Burnaby,49.2685,-122.931,west,intracanada,domestic heavy,0.0,,,,,
2009-02-01,2,2009,Trans Mountain Pipeline ULC,Trans Mountain pipeline,Burnaby,49.2685,-122.931,west,intracanada,domestic light,5.83992142857142,,,,,
2009-02-01,2,2009,Trans Mountain Pipeline ULC,Trans Mountain pipeline,Burnaby,49.2685,-122.931,west,intracanada,refined petroleum products,9.39910714285714,,,,,
2009-02-01,2,2009,Trans Mountain Pipeline ULC,Trans Mountain pipeline,Sumas,49.0766,-122.203,south,export,domestic heavy,0.0,,,,,
2009-02-01,2,2009,Trans Mountain Pipeline ULC,Trans Mountain pipeline,Sumas,49.0766,-122.203,south,export,domestic light,12.2527357142857,,,,,
2009-02-01,2,2009,Trans Mountain Pipeline ULC,Trans Mountain pipeline,Sumas,49.0766,-122.203,south,export,refined petroleum products,0.0,,,,,
2009-02-01,2,2009,Trans Mountain Pipeline ULC,Trans Mountain pipeline,Westridge,49.2908,-122.95,west,export,domestic heavy,7.930225,,,,,
2009-02-01,2,2009,Trans Mountain Pipeline ULC,Trans Mountain pipeline,Westridge,49.2908,-122.95,west,export,domestic light,0.679503571428571,,,,,
2009-02-01,2,2009,Trans Mountain Pipeline ULC,Trans Mountain pipeline,Westridge,49.2908,-122.95,west,export,refined petroleum products,0.0,,,,,
2009-02-01,2,2009,Trans Mountain Pipeline ULC,Trans Mountain pipeline,system,,,,,,,,,,39.0,
2009-03-01,3,2009,Trans Mountain Pipeline ULC,Trans Mountain pipeline,Burnaby,49.2685,-122.931,west,intracanada,domestic heavy,0.0,,,,,
2009-03-01,3,2009,Trans Mountain Pipeline ULC,Trans Mountain pipeline,Burnaby,49.2685,-122.931,west,intracanada,domestic light,7.46027096774193,,,,,
2009-03-01,3,2009,Trans Mountain Pipeline ULC,Trans Mountain pipeline,Burnaby,49.2685,-122.931,west,intracanada,refined petroleum products,9.22892580645161,,,,,
2009-03-01,3,2009,Trans Mountain Pipeline ULC,Trans Mountain pipeline,Sumas,49.0766,-122.203,south,export,domestic heavy,0.254364516129032,,,,,
2009-03-01,3,2009,Trans Mountain Pipeline ULC,Trans Mountain pipeline,Sumas,49.0766,-122.203,south,export,domestic light,14.0695096774193,,,,,
2009-03-01,3,2009,Trans Mountain Pipeline ULC,Trans Mountain pipeline,Sumas,49.0766,-122.203,south,export,refined petroleum products,0.0,,,,,
2009-03-01,3,2009,Trans Mountain Pipeline ULC,Trans Mountain pipeline,Westridge,49.2908,-122.95,west,export,domestic heavy,16.849193548387,,,,,
2009-03-01,3,2009,Trans Mountain Pipeline ULC,Trans Mountain pipeline,Westridge,49.2908,-122.95,west,export,domestic light,4.39239677419354,,,,,
2009-03-01,3,2009,Trans Mountain Pipeline ULC,Trans Mountain pipeline,Westridge,49.2908,-122.95,west,export,refined petroleum products,0.0,,,,,
2009-03-01,3,2009,Trans Mountain Pipeline ULC,Trans Mountain pipeline,system,,,,,,,,,,48.0,
2009-04-01,4,2009,Trans Mountain Pipeline ULC,Trans Mountain pipeline,Burnaby,49.2685,-122.931,west,intracanada,domestic heavy,0.0,,,,,
2009-04-01,4,2009,Trans Mountain Pipeline ULC,Trans Mountain pipeline,Burnaby,49.2685,-122.931,west,intracanada,domestic light,7.40369,,,,,
2009-04-01,4,2009,Trans Mountain Pipeline ULC,Trans Mountain pipeline,Burnaby,49.2685,-122.931,west,intracanada,refined petroleum products,8.07240333333333,,,,,
2009-04-01,4,2009,Trans Mountain Pipeline ULC,Trans Mountain pipeline,Sumas,49.0766,-122.203,south,export,domestic heavy,0.0,,,,,
2009-04-01,4,2009,Trans Mountain Pipeline ULC,Trans Mountain pipeline,Sumas,49.0766,-122.203,south,export,domestic light,12.98453,,,,,
2009-04-01,4,2009,Trans Mountain Pipeline ULC,Trans Mountain pipeline,Sumas,49.0766,-122.203,south,export,refined petroleum products,0.0,,,,,
2009-04-01,4,2009,Trans Mountain Pipeline ULC,Trans Mountain pipeline,Westridge,49.2908,-122.95,west,export,domestic heavy,9.53967666666666,,,,,
2009-04-01,4,2009,Trans Mountain Pipeline ULC,Trans Mountain pipeline,Westridge,49.2908,-122.95,west,export,domestic light,0.0,,,,,
2009-04-01,4,2009,Trans Mountain Pipeline ULC,Trans Mountain pipeline,Westridge,49.2908,-122.95,west,export,refined petroleum products,0.0,,,,,
2009-04-01,4,2009,Trans Mountain Pipeline ULC,Trans Mountain pipeline,system,,,,,,,,,,36.0,
2009-05-01,5,2009,Trans Mountain Pipeline ULC,Trans Mountain pipeline,Burnaby,49.2685,-122.931,west,intracanada,domestic heavy,0.0,,,,,
2009-05-01,5,2009,Trans Mountain Pipeline ULC,Trans Mountain pipeline,Burnaby,49.2685,-122.931,west,intracanada,domestic light,8.50312580645161,,,,,
2009-05-01,5,2009,Trans Mountain Pipeline ULC,Trans Mountain pipeline,Burnaby,49.2685,-122.931,west,intracanada,refined petroleum products,8.30079354838709,,,,,
2009-05-01,5,2009,Trans Mountain Pipeline ULC,Trans Mountain pipeline,Sumas,49.0766,-122.203,south,export,domestic heavy,0.0,,,,,
2009-05-01,5,2009,Trans Mountain Pipeline ULC,Trans Mountain pipeline,Sumas,49.0766,-122.203,south,export,domestic light,9.07228709677419,,,,,
2009-05-01,5,2009,Trans Mountain Pipeline ULC,Trans Mountain pipeline,Sumas,49.0766,-122.203,south,export,refined petroleum products,0.0,,,,,
2009-05-01,5,2009,Trans Mountain Pipeline ULC,Trans Mountain pipeline,Westridge,49.2908,-122.95,west,export,domestic heavy,15.0166387096774,,,,,
2009-05-01,5,2009,Trans Mountain Pipeline ULC,Trans Mountain pipeline,Westridge,49.2908,-122.95,west,export,domestic light,1.78535806451612,,,,,
2009-05-01,5,2009,Trans Mountain Pipeline ULC,Trans Mountain pipeline,Westridge,49.2908,-122.95,west,export,refined petroleum products,0.0,,,,,
2009-05-01,5,2009,Trans Mountain Pipeline ULC,Trans Mountain pipeline,system,,,,,,,,,,32.0,
2009-06-01,6,2009,Trans Mountain Pipeline ULC,Trans Mountain pipeline,Burnaby,49.2685,-122.931,west,intracanada,domestic heavy,0.0,,,,,
2009-06-01,6,2009,Trans Mountain Pipeline ULC,Trans Mountain pipeline,Burnaby,49.2685,-122.931,west,intracanada,domestic light,8.26664333333333,,,,,
2009-06-01,6,2009,Trans Mountain Pipeline ULC,Trans Mountain pipeline,Burnaby,49.2685,-122.931,west,intracanada,refined petroleum products,4.73030333333333,,,,,
2009-06-01,6,2009,Trans Mountain Pipeline ULC,Trans Mountain pipeline,Sumas,49.0766,-122.203,south,export,domestic heavy,0.0,,,,,
2009-06-01,6,2009,Trans Mountain Pipeline ULC,Trans Mountain pipeline,Sumas,49.0766,-122.203,south,export,domestic light,15.9495366666666,,,,,
2009-06-01,6,2009,Trans Mountain Pipeline ULC,Trans Mountain pipeline,Sumas,49.0766,-122.203,south,export,refined petroleum products,0.0,,,,,
2009-06-01,6,2009,Trans Mountain Pipeline ULC,Trans Mountain pipeline,Westridge,49.2908,-122.95,west,export,domestic heavy,17.8089533333333,,,,,
2009-06-01,6,2009,Trans Mountain Pipeline ULC,Trans Mountain pipeline,Westridge,49.2908,-122.95,west,export,domestic light,0.0,,,,,
2009-06-01,6,2009,Trans Mountain Pipeline ULC,Trans Mountain pipeline,Westridge,49.2908,-122.95,west,export,refined petroleum products,0.0,,,,,
2009-06-01,6,2009,Trans Mountain Pipeline ULC,Trans Mountain pipeline,system,,,,,,,,,,46.0,
2009-07-01,7,2009,Trans Mountain Pipeline ULC,Trans Mountain pipeline,Burnaby,49.2685,-122.931,west,intracanada,domestic heavy,0.0,,,,,
2009-07-01,7,2009,Trans Mountain Pipeline ULC,Trans Mountain pipeline,Burnaby,49.2685,-122.931,west,intracanada,domestic light,7.87546774193548,,,,,
2009-07-01,7,2009,Trans Mountain Pipeline ULC,Trans Mountain pipeline,Burnaby,49.2685,-122.931,west,intracanada,refined petroleum products,7.55404193548387,,,,,
2009-07-01,7,2009,Trans Mountain Pipeline ULC,Trans Mountain pipeline,Sumas,49.0766,-122.203,south,export,domestic heavy,0.0,,,,,
2009-07-01,7,2009,Trans Mountain Pipeline ULC,Trans Mountain pipeline,Sumas,49.0766,-122.203,south,export,domestic light,21.4822419354838,,,,,
2009-07-01,7,2009,Trans Mountain Pipeline ULC,Trans Mountain pipeline,Sumas,49.0766,-122.203,south,export,refined petroleum products,0.0,,,,,
2009-07-01,7,2009,Trans Mountain Pipeline ULC,Trans Mountain pipeline,Westridge,49.2908,-122.95,west,export,domestic heavy,8.09837741935483,,,,,
2009-07-01,7,2009,Trans Mountain Pipeline ULC,Trans Mountain pipeline,Westridge,49.2908,-122.95,west,export,domestic light,1.59367419354838,,,,,
2009-07-01,7,2009,Trans Mountain Pipeline ULC,Trans Mountain pipeline,Westridge,49.2908,-122.95,west,export,refined petroleum products,0.0,,,,,
2009-07-01,7,2009,Trans Mountain Pipeline ULC,Trans Mountain pipeline,system,,,,,,,,,,50.0,
2009-08-01,8,2009,Trans Mountain Pipeline ULC,Trans Mountain pipeline,Burnaby,49.2685,-122.931,west,intracanada,domestic heavy,0.0,,,,,
2009-08-01,8,2009,Trans Mountain Pipeline ULC,Trans Mountain pipeline,Burnaby,49.2685,-122.931,west,intracanada,domestic light,8.04166451612903,,,,,
2009-08-01,8,2009,Trans Mountain Pipeline ULC,Trans Mountain pipeline,Burnaby,49.2685,-122.931,west,intracanada,refined petroleum products,7.47904193548387,,,,,
2009-08-01,8,2009,Trans Mountain Pipeline ULC,Trans Mountain pipeline,Sumas,49.0766,-122.203,south,export,domestic heavy,0.0,,,,,
2009-08-01,8,2009,Trans Mountain Pipeline ULC,Trans Mountain pipeline,Sumas,49.0766,-122.203,south,export,domestic light,22.9718612903225,,,,,
2009-08-01,8,2009,Trans Mountain Pipeline ULC,Trans Mountain pipeline,Sumas,49.0766,-122.203,south,export,refined petroleum products,0.0,,,,,
2009-08-01,8,2009,Trans Mountain Pipeline ULC,Trans Mountain pipeline,Westridge,49.2908,-122.95,west,export,domestic heavy,9.30840967741935,,,,,
2009-08-01,8,2009,Trans Mountain Pipeline ULC,Trans Mountain pipeline,Westridge,49.2908,-122.95,west,export,domestic light,0.948216129032258,,,,,
2009-08-01,8,2009,Trans Mountain Pipeline ULC,Trans Mountain pipeline,Westridge,49.2908,-122.95,west,export,refined petroleum products,0.0,,,,,
2009-08-01,8,2009,Trans Mountain Pipeline ULC,Trans Mountain pipeline,system,,,,,,,,,,53.0,
2009-09-01,9,2009,Trans Mountain Pipeline ULC,Trans Mountain pipeline,Burnaby,49.2685,-122.931,west,intracanada,domestic heavy,0.0,,,,,
2009-09-01,9,2009,Trans Mountain Pipeline ULC,Trans Mountain pipeline,Burnaby,49.2685,-122.931,west,intracanada,domestic light,8.22199666666666,,,,,
2009-09-01,9,2009,Trans Mountain Pipeline ULC,Trans Mountain pipeline,Burnaby,49.2685,-122.931,west,intracanada,refined petroleum products,7.99791333333333,,,,,
2009-09-01,9,2009,Trans Mountain Pipeline ULC,Trans Mountain pipeline,Sumas,49.0766,-122.203,south,export,domestic heavy,0.0,,,,,
2009-09-01,9,2009,Trans Mountain Pipeline ULC,Trans Mountain pipeline,Sumas,49.0766,-122.203,south,export,domestic light,21.4402166666666,,,,,
2009-09-01,9,2009,Trans Mountain Pipeline ULC,Trans Mountain pipeline,Sumas,49.0766,-122.203,south,export,refined petroleum products,0.0,,,,,
2009-09-01,9,2009,Trans Mountain Pipeline ULC,Trans Mountain pipeline,Westridge,49.2908,-122.95,west,export,domestic heavy,11.4118466666666,,,,,
2009-09-01,9,2009,Trans Mountain Pipeline ULC,Trans Mountain pipeline,Westridge,49.2908,-122.95,west,export,domestic light,0.0,,,,,
2009-09-01,9,2009,Trans Mountain Pipeline ULC,Trans Mountain pipeline,Westridge,49.2908,-122.95,west,export,refined petroleum products,0.0,,,,,
2009-09-01,9,2009,Trans Mountain Pipeline ULC,Trans Mountain pipeline,system,,,,,,,,,,50.0,Maintenance
2009-10-01,10,2009,Trans Mountain Pipeline ULC,Trans Mountain pipeline,Burnaby,49.2685,-122.931,west,intracanada,domestic heavy,0.0,,,,,
2009-10-01,10,2009,Trans Mountain Pipeline ULC,Trans Mountain pipeline,Burnaby,49.2685,-122.931,west,intracanada,domestic light,6.45543225806451,,,,,
2009-10-01,10,2009,Trans Mountain Pipeline ULC,Trans Mountain pipeline,Burnaby,49.2685,-122.931,west,intracanada,refined petroleum products,9.12568709677419,,,,,
2009-10-01,10,2009,Trans Mountain Pipeline ULC,Trans Mountain pipeline,Sumas,49.0766,-122.203,south,export,domestic heavy,1.14583870967741,,,,,
2009-10-01,10,2009,Trans Mountain Pipeline ULC,Trans Mountain pipeline,Sumas,49.0766,-122.203,south,export,domestic light,18.8191064516129,,,,,
2009-10-01,10,2009,Trans Mountain Pipeline ULC,Trans Mountain pipeline,Sumas,49.0766,-122.203,south,export,refined petroleum products,0.0,,,,,
2009-10-01,10,2009,Trans Mountain Pipeline ULC,Trans Mountain pipeline,Westridge,49.2908,-122.95,west,export,domestic heavy,7.25944193548387,,,,,
2009-10-01,10,2009,Trans Mountain Pipeline ULC,Trans Mountain pipeline,Westridge,49.2908,-122.95,west,export,domestic light,0.0,,,,,
2009-10-01,10,2009,Trans Mountain Pipeline ULC,Trans Mountain pipeline,Westridge,49.2908,-122.95,west,export,refined petroleum products,0.0,,,,,
2009-10-01,10,2009,Trans Mountain Pipeline ULC,Trans Mountain pipeline,system,,,,,,,,,,47.0,Carryover
2009-11-01,11,2009,Trans Mountain Pipeline ULC,Trans Mountain pipeline,Burnaby,49.2685,-122.931,west,intracanada,domestic heavy,0.0,,,,,
2009-11-01,11,2009,Trans Mountain Pipeline ULC,Trans Mountain pipeline,Burnaby,49.2685,-122.931,west,intracanada,domestic light,6.39411333333333,,,,,
2009-11-01,11,2009,Trans Mountain Pipeline ULC,Trans Mountain pipeline,Burnaby,49.2685,-122.931,west,intracanada,refined petroleum products,12.8119633333333,,,,,
2009-11-01,11,2009,Trans Mountain Pipeline ULC,Trans Mountain pipeline,Sumas,49.0766,-122.203,south,export,domestic heavy,1.36481,,,,,
2009-11-01,11,2009,Trans Mountain Pipeline ULC,Trans Mountain pipeline,Sumas,49.0766,-122.203,south,export,domestic light,20.1955,,,,,
2009-11-01,11,2009,Trans Mountain Pipeline ULC,Trans Mountain pipeline,Sumas,49.0766,-122.203,south,export,refined petroleum products,0.0,,,,,
2009-11-01,11,2009,Trans Mountain Pipeline ULC,Trans Mountain pipeline,Westridge,49.2908,-122.95,west,export,domestic heavy,10.7026,,,,,
2009-11-01,11,2009,Trans Mountain Pipeline ULC,Trans Mountain pipeline,Westridge,49.2908,-122.95,west,export,domestic light,0.0,,,,,
2009-11-01,11,2009,Trans Mountain Pipeline ULC,Trans Mountain pipeline,Westridge,49.2908,-122.95,west,export,refined petroleum products,0.0,,,,,
2009-11-01,11,2009,Trans Mountain Pipeline ULC,Trans Mountain pipeline,system,,,,,,,,,,50.0,
2009-12-01,12,2009,Trans Mountain Pipeline ULC,Trans Mountain pipeline,Burnaby,49.2685,-122.931,west,intracanada,domestic heavy,0.0,,,,,
2009-12-01,12,2009,Trans Mountain Pipeline ULC,Trans Mountain pipeline,Burnaby,49.2685,-122.931,west,intracanada,domestic light,7.54379677419354,,,,,
2009-12-01,12,2009,Trans Mountain Pipeline ULC,Trans Mountain pipeline,Burnaby,49.2685,-122.931,west,intracanada,refined petroleum products,10.8619258064516,,,,,
2009-12-01,12,2009,Trans Mountain Pipeline ULC,Trans Mountain pipeline,Sumas,49.0766,-122.203,south,export,domestic heavy,0.0,,,,,
2009-12-01,12,2009,Trans Mountain Pipeline ULC,Trans Mountain pipeline,Sumas,49.0766,-122.203,south,export,domestic light,17.9586967741935,,,,,
2009-12-01,12,2009,Trans Mountain Pipeline ULC,Trans Mountain pipeline,Sumas,49.0766,-122.203,south,export,refined petroleum products,0.0,,,,,
2009-12-01,12,2009,Trans Mountain Pipeline ULC,Trans Mountain pipeline,Westridge,49.2908,-122.95,west,export,domestic heavy,11.4547774193548,,,,,
2009-12-01,12,2009,Trans Mountain Pipeline ULC,Trans Mountain pipeline,Westridge,49.2908,-122.95,west,export,domestic light,0.434722580645161,,,,,
2009-12-01,12,2009,Trans Mountain Pipeline ULC,Trans Mountain pipeline,Westridge,49.2908,-122.95,west,export,refined petroleum products,0.0,,,,,
2009-12-01,12,2009,Trans Mountain Pipeline ULC,Trans Mountain pipeline,system,,,,,,,,,,48.0,
2010-01-01,1,2010,Trans Mountain Pipeline ULC,Trans Mountain pipeline,Burnaby,49.2685,-122.931,west,intracanada,domestic heavy,0.0,,,,,
2010-01-01,1,2010,Trans Mountain Pipeline ULC,Trans Mountain pipeline,Burnaby,49.2685,-122.931,west,intracanada,domestic light,7.06323870967741,,,,,
2010-01-01,1,2010,Trans Mountain Pipeline ULC,Trans Mountain pipeline,Burnaby,49.2685,-122.931,west,intracanada,refined petroleum products,8.39811612903225,,,,,
2010-01-01,1,2010,Trans Mountain Pipeline ULC,Trans Mountain pipeline,Sumas,49.0766,-122.203,south,export,domestic heavy,0.543270967741935,,,,,
2010-01-01,1,2010,Trans Mountain Pipeline ULC,Trans Mountain pipeline,Sumas,49.0766,-122.203,south,export,domestic light,16.1809483870967,,,,,
2010-01-01,1,2010,Trans Mountain Pipeline ULC,Trans Mountain pipeline,Sumas,49.0766,-122.203,south,export,refined petroleum products,0.0,,,,,
2010-01-01,1,2010,Trans Mountain Pipeline ULC,Trans Mountain pipeline,Westridge,49.2908,-122.95,west,export,domestic heavy,3.12825483870967,,,,,
2010-01-01,1,2010,Trans Mountain Pipeline ULC,Trans Mountain pipeline,Westridge,49.2908,-122.95,west,export,domestic light,0.0,,,,,
2010-01-01,1,2010,Trans Mountain Pipeline ULC,Trans Mountain pipeline,Westridge,49.2908,-122.95,west,export,refined petroleum products,0.0,,,,,
2010-01-01,1,2010,Trans Mountain Pipeline ULC,Trans Mountain pipeline,system,,,,,,,,,,46.0,Maintenance
2010-02-01,2,2010,Trans Mountain Pipeline ULC,Trans Mountain pipeline,Burnaby,49.2685,-122.931,west,intracanada,domestic heavy,0.0,,,,,
2010-02-01,2,2010,Trans Mountain Pipeline ULC,Trans Mountain pipeline,Burnaby,49.2685,-122.931,west,intracanada,domestic light,6.29428214285714,,,,,
2010-02-01,2,2010,Trans Mountain Pipeline ULC,Trans Mountain pipeline,Burnaby,49.2685,-122.931,west,intracanada,refined petroleum products,8.38784642857142,,,,,
2010-02-01,2,2010,Trans Mountain Pipeline ULC,Trans Mountain pipeline,Sumas,49.0766,-122.203,south,export,domestic heavy,0.0,,,,,
2010-02-01,2,2010,Trans Mountain Pipeline ULC,Trans Mountain pipeline,Sumas,49.0766,-122.203,south,export,domestic light,22.3867178571428,,,,,
2010-02-01,2,2010,Trans Mountain Pipeline ULC,Trans Mountain pipeline,Sumas,49.0766,-122.203,south,export,refined petroleum products,0.0,,,,,
2010-02-01,2,2010,Trans Mountain Pipeline ULC,Trans Mountain pipeline,Westridge,49.2908,-122.95,west,export,domestic heavy,13.8960892857142,,,,,
2010-02-01,2,2010,Trans Mountain Pipeline ULC,Trans Mountain pipeline,Westridge,49.2908,-122.95,west,export,domestic light,0.478925,,,,,
2010-02-01,2,2010,Trans Mountain Pipeline ULC,Trans Mountain pipeline,Westridge,49.2908,-122.95,west,export,refined petroleum products,0.0,,,,,
2010-02-01,2,2010,Trans Mountain Pipeline ULC,Trans Mountain pipeline,system,,,,,,,,,,47.0,
2010-03-01,3,2010,Trans Mountain Pipeline ULC,Trans Mountain pipeline,Burnaby,49.2685,-122.931,west,intracanada,domestic heavy,0.0,,,,,
2010-03-01,3,2010,Trans Mountain Pipeline ULC,Trans Mountain pipeline,Burnaby,49.2685,-122.931,west,intracanada,domestic light,7.54985806451612,,,,,
2010-03-01,3,2010,Trans Mountain Pipeline ULC,Trans Mountain pipeline,Burnaby,49.2685,-122.931,west,intracanada,refined petroleum products,7.67768709677419,,,,,
2010-03-01,3,2010,Trans Mountain Pipeline ULC,Trans Mountain pipeline,Sumas,49.0766,-122.203,south,export,domestic heavy,0.0,,,,,
2010-03-01,3,2010,Trans Mountain Pipeline ULC,Trans Mountain pipeline,Sumas,49.0766,-122.203,south,export,domestic light,19.5223870967741,,,,,
2010-03-01,3,2010,Trans Mountain Pipeline ULC,Trans Mountain pipeline,Sumas,49.0766,-122.203,south,export,refined petroleum products,0.0,,,,,
2010-03-01,3,2010,Trans Mountain Pipeline ULC,Trans Mountain pipeline,Westridge,49.2908,-122.95,west,export,domestic heavy,5.35977419354838,,,,,
2010-03-01,3,2010,Trans Mountain Pipeline ULC,Trans Mountain pipeline,Westridge,49.2908,-122.95,west,export,domestic light,0.0,,,,,
2010-03-01,3,2010,Trans Mountain Pipeline ULC,Trans Mountain pipeline,Westridge,49.2908,-122.95,west,export,refined petroleum products,0.0,,,,,
2010-03-01,3,2010,Trans Mountain Pipeline ULC,Trans Mountain pipeline,system,,,,,,,,,,45.0,
2010-04-01,4,2010,Trans Mountain Pipeline ULC,Trans Mountain pipeline,Burnaby,49.2685,-122.931,west,intracanada,domestic heavy,0.0,,,,,
2010-04-01,4,2010,Trans Mountain Pipeline ULC,Trans Mountain pipeline,Burnaby,49.2685,-122.931,west,intracanada,domestic light,3.36796333333333,,,,,
2010-04-01,4,2010,Trans Mountain Pipeline ULC,Trans Mountain pipeline,Burnaby,49.2685,-122.931,west,intracanada,refined petroleum products,3.93952666666666,,,,,
2010-04-01,4,2010,Trans Mountain Pipeline ULC,Trans Mountain pipeline,Sumas,49.0766,-122.203,south,export,domestic heavy,0.0,,,,,
2010-04-01,4,2010,Trans Mountain Pipeline ULC,Trans Mountain pipeline,Sumas,49.0766,-122.203,south,export,domestic light,20.6581533333333,,,,,
2010-04-01,4,2010,Trans Mountain Pipeline ULC,Trans Mountain pipeline,Sumas,49.0766,-122.203,south,export,refined petroleum products,0.0,,,,,
2010-04-01,4,2010,Trans Mountain Pipeline ULC,Trans Mountain pipeline,Westridge,49.2908,-122.95,west,export,domestic heavy,18.94023,,,,,
2010-04-01,4,2010,Trans Mountain Pipeline ULC,Trans Mountain pipeline,Westridge,49.2908,-122.95,west,export,domestic light,3.813,,,,,
2010-04-01,4,2010,Trans Mountain Pipeline ULC,Trans Mountain pipeline,Westridge,49.2908,-122.95,west,export,refined petroleum products,0.0,,,,,
2010-04-01,4,2010,Trans Mountain Pipeline ULC,Trans Mountain pipeline,system,,,,,,,,,,44.0,
2010-05-01,5,2010,Trans Mountain Pipeline ULC,Trans Mountain pipeline,Burnaby,49.2685,-122.931,west,intracanada,domestic heavy,0.0,,,,,
2010-05-01,5,2010,Trans Mountain Pipeline ULC,Trans Mountain pipeline,Burnaby,49.2685,-122.931,west,intracanada,domestic light,3.13776129032258,,,,,
2010-05-01,5,2010,Trans Mountain Pipeline ULC,Trans Mountain pipeline,Burnaby,49.2685,-122.931,west,intracanada,refined petroleum products,7.78388387096774,,,,,
2010-05-01,5,2010,Trans Mountain Pipeline ULC,Trans Mountain pipeline,Sumas,49.0766,-122.203,south,export,domestic heavy,0.0,,,,,
2010-05-01,5,2010,Trans Mountain Pipeline ULC,Trans Mountain pipeline,Sumas,49.0766,-122.203,south,export,domestic light,16.1562387096774,,,,,
2010-05-01,5,2010,Trans Mountain Pipeline ULC,Trans Mountain pipeline,Sumas,49.0766,-122.203,south,export,refined petroleum products,0.0,,,,,
2010-05-01,5,2010,Trans Mountain Pipeline ULC,Trans Mountain pipeline,Westridge,49.2908,-122.95,west,export,domestic heavy,18.3756580645161,,,,,
2010-05-01,5,2010,Trans Mountain Pipeline ULC,Trans Mountain pipeline,Westridge,49.2908,-122.95,west,export,domestic light,1.84369032258064,,,,,
2010-05-01,5,2010,Trans Mountain Pipeline ULC,Trans Mountain pipeline,Westridge,49.2908,-122.95,west,export,refined petroleum products,0.0,,,,,
2010-05-01,5,2010,Trans Mountain Pipeline ULC,Trans Mountain pipeline,system,,,,,,,,,,45.0,
2010-06-01,6,2010,Trans Mountain Pipeline ULC,Trans Mountain pipeline,Burnaby,49.2685,-122.931,west,intracanada,domestic heavy,0.0,,,,,
2010-06-01,6,2010,Trans Mountain Pipeline ULC,Trans Mountain pipeline,Burnaby,49.2685,-122.931,west,intracanada,domestic light,6.70935666666666,,,,,
2010-06-01,6,2010,Trans Mountain Pipeline ULC,Trans Mountain pipeline,Burnaby,49.2685,-122.931,west,intracanada,refined petroleum products,5.26235,,,,,
2010-06-01,6,2010,Trans Mountain Pipeline ULC,Trans Mountain pipeline,Sumas,49.0766,-122.203,south,export,domestic heavy,0.0,,,,,
2010-06-01,6,2010,Trans Mountain Pipeline ULC,Trans Mountain pipeline,Sumas,49.0766,-122.203,south,export,domestic light,18.01571,,,,,
2010-06-01,6,2010,Trans Mountain Pipeline ULC,Trans Mountain pipeline,Sumas,49.0766,-122.203,south,export,refined petroleum products,0.0,,,,,
2010-06-01,6,2010,Trans Mountain Pipeline ULC,Trans Mountain pipeline,Westridge,49.2908,-122.95,west,export,domestic heavy,17.5953166666666,,,,,
2010-06-01,6,2010,Trans Mountain Pipeline ULC,Trans Mountain pipeline,Westridge,49.2908,-122.95,west,export,domestic light,2.73983666666666,,,,,
2010-06-01,6,2010,Trans Mountain Pipeline ULC,Trans Mountain pipeline,Westridge,49.2908,-122.95,west,export,refined petroleum products,0.0,,,,,
2010-06-01,6,2010,Trans Mountain Pipeline ULC,Trans Mountain pipeline,system,,,,,,,,,,50.0,
2010-07-01,7,2010,Trans Mountain Pipeline ULC,Trans Mountain pipeline,Burnaby,49.2685,-122.931,west,intracanada,domestic heavy,0.0,,,,,
2010-07-01,7,2010,Trans Mountain Pipeline ULC,Trans Mountain pipeline,Burnaby,49.2685,-122.931,west,intracanada,domestic light,8.20588709677419,,,,,
2010-07-01,7,2010,Trans Mountain Pipeline ULC,Trans Mountain pipeline,Burnaby,49.2685,-122.931,west,intracanada,refined petroleum products,8.93057419354838,,,,,
2010-07-01,7,2010,Trans Mountain Pipeline ULC,Trans Mountain pipeline,Sumas,49.0766,-122.203,south,export,domestic heavy,0.0,,,,,
2010-07-01,7,2010,Trans Mountain Pipeline ULC,Trans Mountain pipeline,Sumas,49.0766,-122.203,south,export,domestic light,16.2173387096774,,,,,
2010-07-01,7,2010,Trans Mountain Pipeline ULC,Trans Mountain pipeline,Sumas,49.0766,-122.203,south,export,refined petroleum products,0.0,,,,,
2010-07-01,7,2010,Trans Mountain Pipeline ULC,Trans Mountain pipeline,Westridge,49.2908,-122.95,west,export,domestic heavy,13.8944258064516,,,,,
2010-07-01,7,2010,Trans Mountain Pipeline ULC,Trans Mountain pipeline,Westridge,49.2908,-122.95,west,export,domestic light,0.0,,,,,
2010-07-01,7,2010,Trans Mountain Pipeline ULC,Trans Mountain pipeline,Westridge,49.2908,-122.95,west,export,refined petroleum products,0.0,,,,,
2010-07-01,7,2010,Trans Mountain Pipeline ULC,Trans Mountain pipeline,system,,,,,,,,,,50.0,
2010-08-01,8,2010,Trans Mountain Pipeline ULC,Trans Mountain pipeline,Burnaby,49.2685,-122.931,west,intracanada,domestic heavy,0.0,,,,,
2010-08-01,8,2010,Trans Mountain Pipeline ULC,Trans Mountain pipeline,Burnaby,49.2685,-122.931,west,intracanada,domestic light,8.19457419354838,,,,,
2010-08-01,8,2010,Trans Mountain Pipeline ULC,Trans Mountain pipeline,Burnaby,49.2685,-122.931,west,intracanada,refined petroleum products,10.1767483870967,,,,,
2010-08-01,8,2010,Trans Mountain Pipeline ULC,Trans Mountain pipeline,Sumas,49.0766,-122.203,south,export,domestic heavy,0.0,,,,,
2010-08-01,8,2010,Trans Mountain Pipeline ULC,Trans Mountain pipeline,Sumas,49.0766,-122.203,south,export,domestic light,17.9032741935483,,,,,
2010-08-01,8,2010,Trans Mountain Pipeline ULC,Trans Mountain pipeline,Sumas,49.0766,-122.203,south,export,refined petroleum products,0.0,,,,,
2010-08-01,8,2010,Trans Mountain Pipeline ULC,Trans Mountain pipeline,Westridge,49.2908,-122.95,west,export,domestic heavy,11.0455193548387,,,,,
2010-08-01,8,2010,Trans Mountain Pipeline ULC,Trans Mountain pipeline,Westridge,49.2908,-122.95,west,export,domestic light,0.0,,,,,
2010-08-01,8,2010,Trans Mountain Pipeline ULC,Trans Mountain pipeline,Westridge,49.2908,-122.95,west,export,refined petroleum products,0.0,,,,,
2010-08-01,8,2010,Trans Mountain Pipeline ULC,Trans Mountain pipeline,system,,,,,,,,,,52.0,
2010-09-01,9,2010,Trans Mountain Pipeline ULC,Trans Mountain pipeline,Burnaby,49.2685,-122.931,west,intracanada,domestic heavy,0.0,,,,,
2010-09-01,9,2010,Trans Mountain Pipeline ULC,Trans Mountain pipeline,Burnaby,49.2685,-122.931,west,intracanada,domestic light,3.97750333333333,,,,,
2010-09-01,9,2010,Trans Mountain Pipeline ULC,Trans Mountain pipeline,Burnaby,49.2685,-122.931,west,intracanada,refined petroleum products,5.83678,,,,,
2010-09-01,9,2010,Trans Mountain Pipeline ULC,Trans Mountain pipeline,Sumas,49.0766,-122.203,south,export,domestic heavy,0.0,,,,,
2010-09-01,9,2010,Trans Mountain Pipeline ULC,Trans Mountain pipeline,Sumas,49.0766,-122.203,south,export,domestic light,27.0240966666666,,,,,
2010-09-01,9,2010,Trans Mountain Pipeline ULC,Trans Mountain pipeline,Sumas,49.0766,-122.203,south,export,refined petroleum products,0.0,,,,,
2010-09-01,9,2010,Trans Mountain Pipeline ULC,Trans Mountain pipeline,Westridge,49.2908,-122.95,west,export,domestic heavy,9.61135,,,,,
2010-09-01,9,2010,Trans Mountain Pipeline ULC,Trans Mountain pipeline,Westridge,49.2908,-122.95,west,export,domestic light,0.0,,,,,
2010-09-01,9,2010,Trans Mountain Pipeline ULC,Trans Mountain pipeline,Westridge,49.2908,-122.95,west,export,refined petroleum products,0.0,,,,,
2010-09-01,9,2010,Trans Mountain Pipeline ULC,Trans Mountain pipeline,system,,,,,,,,,,45.0,Carryover
2010-10-01,10,2010,Trans Mountain Pipeline ULC,Trans Mountain pipeline,Burnaby,49.2685,-122.931,west,intracanada,domestic heavy,0.0,,,,,
2010-10-01,10,2010,Trans Mountain Pipeline ULC,Trans Mountain pipeline,Burnaby,49.2685,-122.931,west,intracanada,domestic light,2.46809032258064,,,,,
2010-10-01,10,2010,Trans Mountain Pipeline ULC,Trans Mountain pipeline,Burnaby,49.2685,-122.931,west,intracanada,refined petroleum products,7.66064193548387,,,,,
2010-10-01,10,2010,Trans Mountain Pipeline ULC,Trans Mountain pipeline,Sumas,49.0766,-122.203,south,export,domestic heavy,2.38207741935483,,,,,
2010-10-01,10,2010,Trans Mountain Pipeline ULC,Trans Mountain pipeline,Sumas,49.0766,-122.203,south,export,domestic light,23.7132516129032,,,,,
2010-10-01,10,2010,Trans Mountain Pipeline ULC,Trans Mountain pipeline,Sumas,49.0766,-122.203,south,export,refined petroleum products,0.0,,,,,
2010-10-01,10,2010,Trans Mountain Pipeline ULC,Trans Mountain pipeline,Westridge,49.2908,-122.95,west,export,domestic heavy,12.845293548387,,,,,
2010-10-01,10,2010,Trans Mountain Pipeline ULC,Trans Mountain pipeline,Westridge,49.2908,-122.95,west,export,domestic light,0.0,,,,,
2010-10-01,10,2010,Trans Mountain Pipeline ULC,Trans Mountain pipeline,Westridge,49.2908,-122.95,west,export,refined petroleum products,0.0,,,,,
2010-10-01,10,2010,Trans Mountain Pipeline ULC,Trans Mountain pipeline,system,,,,,,,,,,49.0,
2010-11-01,11,2010,Trans Mountain Pipeline ULC,Trans Mountain pipeline,Burnaby,49.2685,-122.931,west,intracanada,domestic heavy,0.0,,,,,
2010-11-01,11,2010,Trans Mountain Pipeline ULC,Trans Mountain pipeline,Burnaby,49.2685,-122.931,west,intracanada,domestic light,7.91843666666666,,,,,
2010-11-01,11,2010,Trans Mountain Pipeline ULC,Trans Mountain pipeline,Burnaby,49.2685,-122.931,west,intracanada,refined petroleum products,8.12502333333333,,,,,
2010-11-01,11,2010,Trans Mountain Pipeline ULC,Trans Mountain pipeline,Sumas,49.0766,-122.203,south,export,domestic heavy,0.865603333333333,,,,,
2010-11-01,11,2010,Trans Mountain Pipeline ULC,Trans Mountain pipeline,Sumas,49.0766,-122.203,south,export,domestic light,25.4283366666666,,,,,
2010-11-01,11,2010,Trans Mountain Pipeline ULC,Trans Mountain pipeline,Sumas,49.0766,-122.203,south,export,refined petroleum products,0.0,,,,,
2010-11-01,11,2010,Trans Mountain Pipeline ULC,Trans Mountain pipeline,Westridge,49.2908,-122.95,west,export,domestic heavy,7.89544666666666,,,,,
2010-11-01,11,2010,Trans Mountain Pipeline ULC,Trans Mountain pipeline,Westridge,49.2908,-122.95,west,export,domestic light,0.846123333333333,,,,,
2010-11-01,11,2010,Trans Mountain Pipeline ULC,Trans Mountain pipeline,Westridge,49.2908,-122.95,west,export,refined petroleum products,0.0,,,,,
2010-11-01,11,2010,Trans Mountain Pipeline ULC,Trans Mountain pipeline,system,,,,,,,,,,50.0,
2010-12-01,12,2010,Trans Mountain Pipeline ULC,Trans Mountain pipeline,Burnaby,49.2685,-122.931,west,intracanada,domestic heavy,0.0,,,,,
2010-12-01,12,2010,Trans Mountain Pipeline ULC,Trans Mountain pipeline,Burnaby,49.2685,-122.931,west,intracanada,domestic light,7.40914516129032,,,,,
2010-12-01,12,2010,Trans Mountain Pipeline ULC,Trans Mountain pipeline,Burnaby,49.2685,-122.931,west,intracanada,refined petroleum products,8.98813225806451,,,,,
2010-12-01,12,2010,Trans Mountain Pipeline ULC,Trans Mountain pipeline,Sumas,49.0766,-122.203,south,export,domestic heavy,1.31616774193548,,,,,
2010-12-01,12,2010,Trans Mountain Pipeline ULC,Trans Mountain pipeline,Sumas,49.0766,-122.203,south,export,domestic light,24.712464516129,,,,,
2010-12-01,12,2010,Trans Mountain Pipeline ULC,Trans Mountain pipeline,Sumas,49.0766,-122.203,south,export,refined petroleum products,0.0,,,,,
2010-12-01,12,2010,Trans Mountain Pipeline ULC,Trans Mountain pipeline,Westridge,49.2908,-122.95,west,export,domestic heavy,8.86449032258064,,,,,
2010-12-01,12,2010,Trans Mountain Pipeline ULC,Trans Mountain pipeline,Westridge,49.2908,-122.95,west,export,domestic light,0.0,,,,,
2010-12-01,12,2010,Trans Mountain Pipeline ULC,Trans Mountain pipeline,Westridge,49.2908,-122.95,west,export,refined petroleum products,0.0,,,,,
2010-12-01,12,2010,Trans Mountain Pipeline ULC,Trans Mountain pipeline,system,,,,,,,,,,47.0,Carryover
2011-01-01,1,2011,Trans Mountain Pipeline ULC,Trans Mountain pipeline,Burnaby,49.2685,-122.931,west,intracanada,domestic heavy,0.0,,,,,
2011-01-01,1,2011,Trans Mountain Pipeline ULC,Trans Mountain pipeline,Burnaby,49.2685,-122.931,west,intracanada,domestic light,7.70593548387096,,,,,
2011-01-01,1,2011,Trans Mountain Pipeline ULC,Trans Mountain pipeline,Burnaby,49.2685,-122.931,west,intracanada,refined petroleum products,8.2434064516129,,,,,
2011-01-01,1,2011,Trans Mountain Pipeline ULC,Trans Mountain pipeline,Sumas,49.0766,-122.203,south,export,domestic heavy,1.51686774193548,,,,,
2011-01-01,1,2011,Trans Mountain Pipeline ULC,Trans Mountain pipeline,Sumas,49.0766,-122.203,south,export,domestic light,20.9795967741935,,,,,
2011-01-01,1,2011,Trans Mountain Pipeline ULC,Trans Mountain pipeline,Sumas,49.0766,-122.203,south,export,refined petroleum products,0.0,,,,,
2011-01-01,1,2011,Trans Mountain Pipeline ULC,Trans Mountain pipeline,Westridge,49.2908,-122.95,west,export,domestic heavy,7.08067741935483,,,,,
2011-01-01,1,2011,Trans Mountain Pipeline ULC,Trans Mountain pipeline,Westridge,49.2908,-122.95,west,export,domestic light,0.0,,,,,
2011-01-01,1,2011,Trans Mountain Pipeline ULC,Trans Mountain pipeline,Westridge,49.2908,-122.95,west,export,refined petroleum products,0.0,,,,,
2011-01-01,1,2011,Trans Mountain Pipeline ULC,Trans Mountain pipeline,system,,,,,,,,,,46.0,Carryover
2011-02-01,2,2011,Trans Mountain Pipeline ULC,Trans Mountain pipeline,Burnaby,49.2685,-122.931,west,intracanada,domestic heavy,0.0,,,,,
2011-02-01,2,2011,Trans Mountain Pipeline ULC,Trans Mountain pipeline,Burnaby,49.2685,-122.931,west,intracanada,domestic light,7.19505,,,,,
2011-02-01,2,2011,Trans Mountain Pipeline ULC,Trans Mountain pipeline,Burnaby,49.2685,-122.931,west,intracanada,refined petroleum products,7.40340357142857,,,,,
2011-02-01,2,2011,Trans Mountain Pipeline ULC,Trans Mountain pipeline,Sumas,49.0766,-122.203,south,export,domestic heavy,0.895421428571428,,,,,
2011-02-01,2,2011,Trans Mountain Pipeline ULC,Trans Mountain pipeline,Sumas,49.0766,-122.203,south,export,domestic light,23.4210071428571,,,,,
2011-02-01,2,2011,Trans Mountain Pipeline ULC,Trans Mountain pipeline,Sumas,49.0766,-122.203,south,export,refined petroleum products,0.0,,,,,
2011-02-01,2,2011,Trans Mountain Pipeline ULC,Trans Mountain pipeline,Westridge,49.2908,-122.95,west,export,domestic heavy,8.57000357142857,,,,,
2011-02-01,2,2011,Trans Mountain Pipeline ULC,Trans Mountain pipeline,Westridge,49.2908,-122.95,west,export,domestic light,0.420925,,,,,
2011-02-01,2,2011,Trans Mountain Pipeline ULC,Trans Mountain pipeline,Westridge,49.2908,-122.95,west,export,refined petroleum products,0.0,,,,,
2011-02-01,2,2011,Trans Mountain Pipeline ULC,Trans Mountain pipeline,system,,,,,,,,,,44.0,Maintenance; carryover
2011-03-01,3,2011,Trans Mountain Pipeline ULC,Trans Mountain pipeline,Burnaby,49.2685,-122.931,west,intracanada,domestic heavy,0.0,,,,,
2011-03-01,3,2011,Trans Mountain Pipeline ULC,Trans Mountain pipeline,Burnaby,49.2685,-122.931,west,intracanada,domestic light,6.85650967741935,,,,,
2011-03-01,3,2011,Trans Mountain Pipeline ULC,Trans Mountain pipeline,Burnaby,49.2685,-122.931,west,intracanada,refined petroleum products,6.00046451612903,,,,,
2011-03-01,3,2011,Trans Mountain Pipeline ULC,Trans Mountain pipeline,Sumas,49.0766,-122.203,south,export,domestic heavy,0.0,,,,,
2011-03-01,3,2011,Trans Mountain Pipeline ULC,Trans Mountain pipeline,Sumas,49.0766,-122.203,south,export,domestic light,27.814829032258,,,,,
2011-03-01,3,2011,Trans Mountain Pipeline ULC,Trans Mountain pipeline,Sumas,49.0766,-122.203,south,export,refined petroleum products,0.0,,,,,
2011-03-01,3,2011,Trans Mountain Pipeline ULC,Trans Mountain pipeline,Westridge,49.2908,-122.95,west,export,domestic heavy,7.29995806451612,,,,,
2011-03-01,3,2011,Trans Mountain Pipeline ULC,Trans Mountain pipeline,Westridge,49.2908,-122.95,west,export,domestic light,0.0,,,,,
2011-03-01,3,2011,Trans Mountain Pipeline ULC,Trans Mountain pipeline,Westridge,49.2908,-122.95,west,export,refined petroleum products,0.0,,,,,
2011-03-01,3,2011,Trans Mountain Pipeline ULC,Trans Mountain pipeline,system,,,,,,,,,,48.0,
2011-04-01,4,2011,Trans Mountain Pipeline ULC,Trans Mountain pipeline,Burnaby,49.2685,-122.931,west,intracanada,domestic heavy,0.0,,,,,
2011-04-01,4,2011,Trans Mountain Pipeline ULC,Trans Mountain pipeline,Burnaby,49.2685,-122.931,west,intracanada,domestic light,7.52186,,,,,
2011-04-01,4,2011,Trans Mountain Pipeline ULC,Trans Mountain pipeline,Burnaby,49.2685,-122.931,west,intracanada,refined petroleum products,4.06106666666666,,,,,
2011-04-01,4,2011,Trans Mountain Pipeline ULC,Trans Mountain pipeline,Sumas,49.0766,-122.203,south,export,domestic heavy,0.0,,,,,
2011-04-01,4,2011,Trans Mountain Pipeline ULC,Trans Mountain pipeline,Sumas,49.0766,-122.203,south,export,domestic light,22.1495233333333,,,,,
2011-04-01,4,2011,Trans Mountain Pipeline ULC,Trans Mountain pipeline,Sumas,49.0766,-122.203,south,export,refined petroleum products,0.0,,,,,
2011-04-01,4,2011,Trans Mountain Pipeline ULC,Trans Mountain pipeline,Westridge,49.2908,-122.95,west,export,domestic heavy,5.67205333333333,,,,,
2011-04-01,4,2011,Trans Mountain Pipeline ULC,Trans Mountain pipeline,Westridge,49.2908,-122.95,west,export,domestic light,0.0,,,,,
2011-04-01,4,2011,Trans Mountain Pipeline ULC,Trans Mountain pipeline,Westridge,49.2908,-122.95,west,export,refined petroleum products,0.0,,,,,
2011-04-01,4,2011,Trans Mountain Pipeline ULC,Trans Mountain pipeline,system,,,,,,,,,,49.0,
2011-05-01,5,2011,Trans Mountain Pipeline ULC,Trans Mountain pipeline,Burnaby,49.2685,-122.931,west,intracanada,domestic heavy,0.0,,,,,
2011-05-01,5,2011,Trans Mountain Pipeline ULC,Trans Mountain pipeline,Burnaby,49.2685,-122.931,west,intracanada,domestic light,7.43054193548387,,,,,
2011-05-01,5,2011,Trans Mountain Pipeline ULC,Trans Mountain pipeline,Burnaby,49.2685,-122.931,west,intracanada,refined petroleum products,5.23735806451612,,,,,
2011-05-01,5,2011,Trans Mountain Pipeline ULC,Trans Mountain pipeline,Sumas,49.0766,-122.203,south,export,domestic heavy,0.0,,,,,
2011-05-01,5,2011,Trans Mountain Pipeline ULC,Trans Mountain pipeline,Sumas,49.0766,-122.203,south,export,domestic light,19.8207870967741,,,,,
2011-05-01,5,2011,Trans Mountain Pipeline ULC,Trans Mountain pipeline,Sumas,49.0766,-122.203,south,export,refined petroleum products,0.0,,,,,
2011-05-01,5,2011,Trans Mountain Pipeline ULC,Trans Mountain pipeline,Westridge,49.2908,-122.95,west,export,domestic heavy,8.36268064516129,,,,,
2011-05-01,5,2011,Trans Mountain Pipeline ULC,Trans Mountain pipeline,Westridge,49.2908,-122.95,west,export,domestic light,0.435425806451612,,,,,
2011-05-01,5,2011,Trans Mountain Pipeline ULC,Trans Mountain pipeline,Westridge,49.2908,-122.95,west,export,refined petroleum products,0.0,,,,,
2011-05-01,5,2011,Trans Mountain Pipeline ULC,Trans Mountain pipeline,system,,,,,,,,,,45.0,Maintenance
2011-06-01,6,2011,Trans Mountain Pipeline ULC,Trans Mountain pipeline,Burnaby,49.2685,-122.931,west,intracanada,domestic heavy,0.0,,,,,
2011-06-01,6,2011,Trans Mountain Pipeline ULC,Trans Mountain pipeline,Burnaby,49.2685,-122.931,west,intracanada,domestic light,6.7041,,,,,
2011-06-01,6,2011,Trans Mountain Pipeline ULC,Trans Mountain pipeline,Burnaby,49.2685,-122.931,west,intracanada,refined petroleum products,6.50125666666666,,,,,
2011-06-01,6,2011,Trans Mountain Pipeline ULC,Trans Mountain pipeline,Sumas,49.0766,-122.203,south,export,domestic heavy,0.0,,,,,
2011-06-01,6,2011,Trans Mountain Pipeline ULC,Trans Mountain pipeline,Sumas,49.0766,-122.203,south,export,domestic light,21.7415466666666,,,,,
2011-06-01,6,2011,Trans Mountain Pipeline ULC,Trans Mountain pipeline,Sumas,49.0766,-122.203,south,export,refined petroleum products,0.0,,,,,
2011-06-01,6,2011,Trans Mountain Pipeline ULC,Trans Mountain pipeline,Westridge,49.2908,-122.95,west,export,domestic heavy,4.75221666666666,,,,,
2011-06-01,6,2011,Trans Mountain Pipeline ULC,Trans Mountain pipeline,Westridge,49.2908,-122.95,west,export,domestic light,0.0,,,,,
2011-06-01,6,2011,Trans Mountain Pipeline ULC,Trans Mountain pipeline,Westridge,49.2908,-122.95,west,export,refined petroleum products,0.0,,,,,
2011-06-01,6,2011,Trans Mountain Pipeline ULC,Trans Mountain pipeline,system,,,,,,,,,,38.0,Carryover
2011-07-01,7,2011,Trans Mountain Pipeline ULC,Trans Mountain pipeline,Burnaby,49.2685,-122.931,west,intracanada,domestic heavy,0.0,,,,,
2011-07-01,7,2011,Trans Mountain Pipeline ULC,Trans Mountain pipeline,Burnaby,49.2685,-122.931,west,intracanada,domestic light,6.50534838709677,,,,,
2011-07-01,7,2011,Trans Mountain Pipeline ULC,Trans Mountain pipeline,Burnaby,49.2685,-122.931,west,intracanada,refined petroleum products,9.5950064516129,,,,,
2011-07-01,7,2011,Trans Mountain Pipeline ULC,Trans Mountain pipeline,Sumas,49.0766,-122.203,south,export,domestic heavy,0.0,,,,,
2011-07-01,7,2011,Trans Mountain Pipeline ULC,Trans Mountain pipeline,Sumas,49.0766,-122.203,south,export,domestic light,18.9295225806451,,,,,
2011-07-01,7,2011,Trans Mountain Pipeline ULC,Trans Mountain pipeline,Sumas,49.0766,-122.203,south,export,refined petroleum products,0.0,,,,,
2011-07-01,7,2011,Trans Mountain Pipeline ULC,Trans Mountain pipeline,Westridge,49.2908,-122.95,west,export,domestic heavy,7.05290967741935,,,,,
2011-07-01,7,2011,Trans Mountain Pipeline ULC,Trans Mountain pipeline,Westridge,49.2908,-122.95,west,export,domestic light,0.0,,,,,
2011-07-01,7,2011,Trans Mountain Pipeline ULC,Trans Mountain pipeline,Westridge,49.2908,-122.95,west,export,refined petroleum products,0.0,,,,,
2011-07-01,7,2011,Trans Mountain Pipeline ULC,Trans Mountain pipeline,system,,,,,,,,,,41.0,
2011-08-01,8,2011,Trans Mountain Pipeline ULC,Trans Mountain pipeline,Burnaby,49.2685,-122.931,west,intracanada,domestic heavy,0.0,,,,,
2011-08-01,8,2011,Trans Mountain Pipeline ULC,Trans Mountain pipeline,Burnaby,49.2685,-122.931,west,intracanada,domestic light,6.7646064516129,,,,,
2011-08-01,8,2011,Trans Mountain Pipeline ULC,Trans Mountain pipeline,Burnaby,49.2685,-122.931,west,intracanada,refined petroleum products,10.120829032258,,,,,
2011-08-01,8,2011,Trans Mountain Pipeline ULC,Trans Mountain pipeline,Sumas,49.0766,-122.203,south,export,domestic heavy,0.0,,,,,
2011-08-01,8,2011,Trans Mountain Pipeline ULC,Trans Mountain pipeline,Sumas,49.0766,-122.203,south,export,domestic light,21.068964516129,,,,,
2011-08-01,8,2011,Trans Mountain Pipeline ULC,Trans Mountain pipeline,Sumas,49.0766,-122.203,south,export,refined petroleum products,0.0,,,,,
2011-08-01,8,2011,Trans Mountain Pipeline ULC,Trans Mountain pipeline,Westridge,49.2908,-122.95,west,export,domestic heavy,6.32944193548387,,,,,
2011-08-01,8,2011,Trans Mountain Pipeline ULC,Trans Mountain pipeline,Westridge,49.2908,-122.95,west,export,domestic light,0.0,,,,,
2011-08-01,8,2011,Trans Mountain Pipeline ULC,Trans Mountain pipeline,Westridge,49.2908,-122.95,west,export,refined petroleum products,0.0,,,,,
2011-08-01,8,2011,Trans Mountain Pipeline ULC,Trans Mountain pipeline,system,,,,,,,,,,42.0,
2011-09-01,9,2011,Trans Mountain Pipeline ULC,Trans Mountain pipeline,Burnaby,49.2685,-122.931,west,intracanada,domestic heavy,0.0,,,,,
2011-09-01,9,2011,Trans Mountain Pipeline ULC,Trans Mountain pipeline,Burnaby,49.2685,-122.931,west,intracanada,domestic light,6.51732666666666,,,,,
2011-09-01,9,2011,Trans Mountain Pipeline ULC,Trans Mountain pipeline,Burnaby,49.2685,-122.931,west,intracanada,refined petroleum products,9.96568333333333,,,,,
2011-09-01,9,2011,Trans Mountain Pipeline ULC,Trans Mountain pipeline,Sumas,49.0766,-122.203,south,export,domestic heavy,0.0,,,,,
2011-09-01,9,2011,Trans Mountain Pipeline ULC,Trans Mountain pipeline,Sumas,49.0766,-122.203,south,export,domestic light,21.0085633333333,,,,,
2011-09-01,9,2011,Trans Mountain Pipeline ULC,Trans Mountain pipeline,Sumas,49.0766,-122.203,south,export,refined petroleum products,0.0,,,,,
2011-09-01,9,2011,Trans Mountain Pipeline ULC,Trans Mountain pipeline,Westridge,49.2908,-122.95,west,export,domestic heavy,8.72853333333333,,,,,
2011-09-01,9,2011,Trans Mountain Pipeline ULC,Trans Mountain pipeline,Westridge,49.2908,-122.95,west,export,domestic light,0.0,,,,,
2011-09-01,9,2011,Trans Mountain Pipeline ULC,Trans Mountain pipeline,Westridge,49.2908,-122.95,west,export,refined petroleum products,0.0,,,,,
2011-09-01,9,2011,Trans Mountain Pipeline ULC,Trans Mountain pipeline,system,,,,,,,,,,43.0,
2011-10-01,10,2011,Trans Mountain Pipeline ULC,Trans Mountain pipeline,Burnaby,49.2685,-122.931,west,intracanada,domestic heavy,0.0,,,,,
2011-10-01,10,2011,Trans Mountain Pipeline ULC,Trans Mountain pipeline,Burnaby,49.2685,-122.931,west,intracanada,domestic light,5.25109677419354,,,,,
2011-10-01,10,2011,Trans Mountain Pipeline ULC,Trans Mountain pipeline,Burnaby,49.2685,-122.931,west,intracanada,refined petroleum products,8.56922580645161,,,,,
2011-10-01,10,2011,Trans Mountain Pipeline ULC,Trans Mountain pipeline,Sumas,49.0766,-122.203,south,export,domestic heavy,0.0,,,,,
2011-10-01,10,2011,Trans Mountain Pipeline ULC,Trans Mountain pipeline,Sumas,49.0766,-122.203,south,export,domestic light,21.9049516129032,,,,,
2011-10-01,10,2011,Trans Mountain Pipeline ULC,Trans Mountain pipeline,Sumas,49.0766,-122.203,south,export,refined petroleum products,0.0,,,,,
2011-10-01,10,2011,Trans Mountain Pipeline ULC,Trans Mountain pipeline,Westridge,49.2908,-122.95,west,export,domestic heavy,4.4483193548387,,,,,
2011-10-01,10,2011,Trans Mountain Pipeline ULC,Trans Mountain pipeline,Westridge,49.2908,-122.95,west,export,domestic light,0.0,,,,,
2011-10-01,10,2011,Trans Mountain Pipeline ULC,Trans Mountain pipeline,Westridge,49.2908,-122.95,west,export,refined petroleum products,0.0,,,,,
2011-10-01,10,2011,Trans Mountain Pipeline ULC,Trans Mountain pipeline,system,,,,,,,,,,45.0,Maintenance
2011-11-01,11,2011,Trans Mountain Pipeline ULC,Trans Mountain pipeline,Burnaby,49.2685,-122.931,west,intracanada,domestic heavy,0.0,,,,,
2011-11-01,11,2011,Trans Mountain Pipeline ULC,Trans Mountain pipeline,Burnaby,49.2685,-122.931,west,intracanada,domestic light,5.70774333333333,,,,,
2011-11-01,11,2011,Trans Mountain Pipeline ULC,Trans Mountain pipeline,Burnaby,49.2685,-122.931,west,intracanada,refined petroleum products,8.64916666666666,,,,,
2011-11-01,11,2011,Trans Mountain Pipeline ULC,Trans Mountain pipeline,Sumas,49.0766,-122.203,south,export,domestic heavy,0.0,,,,,
2011-11-01,11,2011,Trans Mountain Pipeline ULC,Trans Mountain pipeline,Sumas,49.0766,-122.203,south,export,domestic light,22.6548866666666,,,,,
2011-11-01,11,2011,Trans Mountain Pipeline ULC,Trans Mountain pipeline,Sumas,49.0766,-122.203,south,export,refined petroleum products,0.0,,,,,
2011-11-01,11,2011,Trans Mountain Pipeline ULC,Trans Mountain pipeline,Westridge,49.2908,-122.95,west,export,domestic heavy,6.59116333333333,,,,,
2011-11-01,11,2011,Trans Mountain Pipeline ULC,Trans Mountain pipeline,Westridge,49.2908,-122.95,west,export,domestic light,0.0,,,,,
2011-11-01,11,2011,Trans Mountain Pipeline ULC,Trans Mountain pipeline,Westridge,49.2908,-122.95,west,export,refined petroleum products,0.0,,,,,
2011-11-01,11,2011,Trans Mountain Pipeline ULC,Trans Mountain pipeline,system,,,,,,,,,,45.0,
2011-12-01,12,2011,Trans Mountain Pipeline ULC,Trans Mountain pipeline,Burnaby,49.2685,-122.931,west,intracanada,domestic heavy,0.0,,,,,
2011-12-01,12,2011,Trans Mountain Pipeline ULC,Trans Mountain pipeline,Burnaby,49.2685,-122.931,west,intracanada,domestic light,6.36966129032258,,,,,
2011-12-01,12,2011,Trans Mountain Pipeline ULC,Trans Mountain pipeline,Burnaby,49.2685,-122.931,west,intracanada,refined petroleum products,8.1212129032258,,,,,
2011-12-01,12,2011,Trans Mountain Pipeline ULC,Trans Mountain pipeline,Sumas,49.0766,-122.203,south,export,domestic heavy,0.0,,,,,
2011-12-01,12,2011,Trans Mountain Pipeline ULC,Trans Mountain pipeline,Sumas,49.0766,-122.203,south,export,domestic light,21.1682354838709,,,,,
2011-12-01,12,2011,Trans Mountain Pipeline ULC,Trans Mountain pipeline,Sumas,49.0766,-122.203,south,export,refined petroleum products,0.0,,,,,
2011-12-01,12,2011,Trans Mountain Pipeline ULC,Trans Mountain pipeline,Westridge,49.2908,-122.95,west,export,domestic heavy,8.66453225806451,,,,,
2011-12-01,12,2011,Trans Mountain Pipeline ULC,Trans Mountain pipeline,Westridge,49.2908,-122.95,west,export,domestic light,0.0,,,,,
2011-12-01,12,2011,Trans Mountain Pipeline ULC,Trans Mountain pipeline,Westridge,49.2908,-122.95,west,export,refined petroleum products,0.0,,,,,
2011-12-01,12,2011,Trans Mountain Pipeline ULC,Trans Mountain pipeline,system,,,,,,,,,,36.0,Maintenance; carryover
2012-01-01,1,2012,Trans Mountain Pipeline ULC,Trans Mountain pipeline,Burnaby,49.2685,-122.931,west,intracanada,domestic heavy,0.0,,,,,
2012-01-01,1,2012,Trans Mountain Pipeline ULC,Trans Mountain pipeline,Burnaby,49.2685,-122.931,west,intracanada,domestic light,6.23765483870967,,,,,
2012-01-01,1,2012,Trans Mountain Pipeline ULC,Trans Mountain pipeline,Burnaby,49.2685,-122.931,west,intracanada,refined petroleum products,8.99538709677419,,,,,
2012-01-01,1,2012,Trans Mountain Pipeline ULC,Trans Mountain pipeline,Sumas,49.0766,-122.203,south,export,domestic heavy,2.56467741935483,,,,,
2012-01-01,1,2012,Trans Mountain Pipeline ULC,Trans Mountain pipeline,Sumas,49.0766,-122.203,south,export,domestic light,20.2037193548387,,,,,
2012-01-01,1,2012,Trans Mountain Pipeline ULC,Trans Mountain pipeline,Sumas,49.0766,-122.203,south,export,refined petroleum products,0.0,,,,,
2012-01-01,1,2012,Trans Mountain Pipeline ULC,Trans Mountain pipeline,Westridge,49.2908,-122.95,west,export,domestic heavy,3.32744838709677,,,,,
2012-01-01,1,2012,Trans Mountain Pipeline ULC,Trans Mountain pipeline,Westridge,49.2908,-122.95,west,export,domestic light,0.0,,,,,
2012-01-01,1,2012,Trans Mountain Pipeline ULC,Trans Mountain pipeline,Westridge,49.2908,-122.95,west,export,refined petroleum products,0.0,,,,,
2012-01-01,1,2012,Trans Mountain Pipeline ULC,Trans Mountain pipeline,system,,,,,,,,,,41.0,Pressure Restriction; heavy percentage
2012-02-01,2,2012,Trans Mountain Pipeline ULC,Trans Mountain pipeline,Burnaby,49.2685,-122.931,west,intracanada,domestic heavy,0.0,,,,,
2012-02-01,2,2012,Trans Mountain Pipeline ULC,Trans Mountain pipeline,Burnaby,49.2685,-122.931,west,intracanada,domestic light,7.41317931034482,,,,,
2012-02-01,2,2012,Trans Mountain Pipeline ULC,Trans Mountain pipeline,Burnaby,49.2685,-122.931,west,intracanada,refined petroleum products,11.3232965517241,,,,,
2012-02-01,2,2012,Trans Mountain Pipeline ULC,Trans Mountain pipeline,Sumas,49.0766,-122.203,south,export,domestic heavy,1.65754137931034,,,,,
2012-02-01,2,2012,Trans Mountain Pipeline ULC,Trans Mountain pipeline,Sumas,49.0766,-122.203,south,export,domestic light,19.5398137931034,,,,,
2012-02-01,2,2012,Trans Mountain Pipeline ULC,Trans Mountain pipeline,Sumas,49.0766,-122.203,south,export,refined petroleum products,0.0,,,,,
2012-02-01,2,2012,Trans Mountain Pipeline ULC,Trans Mountain pipeline,Westridge,49.2908,-122.95,west,export,domestic heavy,6.80142413793103,,,,,
2012-02-01,2,2012,Trans Mountain Pipeline ULC,Trans Mountain pipeline,Westridge,49.2908,-122.95,west,export,domestic light,1.16730689655172,,,,,
2012-02-01,2,2012,Trans Mountain Pipeline ULC,Trans Mountain pipeline,Westridge,49.2908,-122.95,west,export,refined petroleum products,0.0,,,,,
2012-02-01,2,2012,Trans Mountain Pipeline ULC,Trans Mountain pipeline,system,,,,,,,,,,44.0,Pressure Restriction; heavy percentage
2012-03-01,3,2012,Trans Mountain Pipeline ULC,Trans Mountain pipeline,Burnaby,49.2685,-122.931,west,intracanada,domestic heavy,0.0,,,,,
2012-03-01,3,2012,Trans Mountain Pipeline ULC,Trans Mountain pipeline,Burnaby,49.2685,-122.931,west,intracanada,domestic light,8.03259677419354,,,,,
2012-03-01,3,2012,Trans Mountain Pipeline ULC,Trans Mountain pipeline,Burnaby,49.2685,-122.931,west,intracanada,refined petroleum products,6.83732580645161,,,,,
2012-03-01,3,2012,Trans Mountain Pipeline ULC,Trans Mountain pipeline,Sumas,49.0766,-122.203,south,export,domestic heavy,0.0704322580645161,,,,,
2012-03-01,3,2012,Trans Mountain Pipeline ULC,Trans Mountain pipeline,Sumas,49.0766,-122.203,south,export,domestic light,18.5427064516129,,,,,
2012-03-01,3,2012,Trans Mountain Pipeline ULC,Trans Mountain pipeline,Sumas,49.0766,-122.203,south,export,refined petroleum products,0.0,,,,,
2012-03-01,3,2012,Trans Mountain Pipeline ULC,Trans Mountain pipeline,Westridge,49.2908,-122.95,west,export,domestic heavy,9.38742903225806,,,,,
2012-03-01,3,2012,Trans Mountain Pipeline ULC,Trans Mountain pipeline,Westridge,49.2908,-122.95,west,export,domestic light,0.362716129032258,,,,,
2012-03-01,3,2012,Trans Mountain Pipeline ULC,Trans Mountain pipeline,Westridge,49.2908,-122.95,west,export,refined petroleum products,0.0,,,,,
2012-03-01,3,2012,Trans Mountain Pipeline ULC,Trans Mountain pipeline,system,,,,,,,,,,43.0,Pressure Restriction; heavy percentage; maintenance
2012-04-01,4,2012,Trans Mountain Pipeline ULC,Trans Mountain pipeline,Burnaby,49.2685,-122.931,west,intracanada,domestic heavy,0.0,,,,,
2012-04-01,4,2012,Trans Mountain Pipeline ULC,Trans Mountain pipeline,Burnaby,49.2685,-122.931,west,intracanada,domestic light,8.49152666666666,,,,,
2012-04-01,4,2012,Trans Mountain Pipeline ULC,Trans Mountain pipeline,Burnaby,49.2685,-122.931,west,intracanada,refined petroleum products,5.50002333333333,,,,,
2012-04-01,4,2012,Trans Mountain Pipeline ULC,Trans Mountain pipeline,Sumas,49.0766,-122.203,south,export,domestic heavy,1.07876666666666,,,,,
2012-04-01,4,2012,Trans Mountain Pipeline ULC,Trans Mountain pipeline,Sumas,49.0766,-122.203,south,export,domestic light,18.9829733333333,,,,,
2012-04-01,4,2012,Trans Mountain Pipeline ULC,Trans Mountain pipeline,Sumas,49.0766,-122.203,south,export,refined petroleum products,0.0,,,,,
2012-04-01,4,2012,Trans Mountain Pipeline ULC,Trans Mountain pipeline,Westridge,49.2908,-122.95,west,export,domestic heavy,11.55112,,,,,
2012-04-01,4,2012,Trans Mountain Pipeline ULC,Trans Mountain pipeline,Westridge,49.2908,-122.95,west,export,domestic light,0.0,,,,,
2012-04-01,4,2012,Trans Mountain Pipeline ULC,Trans Mountain pipeline,Westridge,49.2908,-122.95,west,export,refined petroleum products,0.0,,,,,
2012-04-01,4,2012,Trans Mountain Pipeline ULC,Trans Mountain pipeline,system,,,,,,,,,,47.0,Heavy percentage; maintenance
2012-05-01,5,2012,Trans Mountain Pipeline ULC,Trans Mountain pipeline,Burnaby,49.2685,-122.931,west,intracanada,domestic heavy,0.0,,,,,
2012-05-01,5,2012,Trans Mountain Pipeline ULC,Trans Mountain pipeline,Burnaby,49.2685,-122.931,west,intracanada,domestic light,7.50082258064516,,,,,
2012-05-01,5,2012,Trans Mountain Pipeline ULC,Trans Mountain pipeline,Burnaby,49.2685,-122.931,west,intracanada,refined petroleum products,7.1314,,,,,
2012-05-01,5,2012,Trans Mountain Pipeline ULC,Trans Mountain pipeline,Sumas,49.0766,-122.203,south,export,domestic heavy,0.451667741935483,,,,,
2012-05-01,5,2012,Trans Mountain Pipeline ULC,Trans Mountain pipeline,Sumas,49.0766,-122.203,south,export,domestic light,20.4468774193548,,,,,
2012-05-01,5,2012,Trans Mountain Pipeline ULC,Trans Mountain pipeline,Sumas,49.0766,-122.203,south,export,refined petroleum products,0.0,,,,,
2012-05-01,5,2012,Trans Mountain Pipeline ULC,Trans Mountain pipeline,Westridge,49.2908,-122.95,west,export,domestic heavy,9.74568387096774,,,,,
2012-05-01,5,2012,Trans Mountain Pipeline ULC,Trans Mountain pipeline,Westridge,49.2908,-122.95,west,export,domestic light,3.67175483870967,,,,,
2012-05-01,5,2012,Trans Mountain Pipeline ULC,Trans Mountain pipeline,Westridge,49.2908,-122.95,west,export,refined petroleum products,0.0,,,,,
2012-05-01,5,2012,Trans Mountain Pipeline ULC,Trans Mountain pipeline,system,,,,,,,,,,46.0,Heavy percentage
2012-06-01,6,2012,Trans Mountain Pipeline ULC,Trans Mountain pipeline,Burnaby,49.2685,-122.931,west,intracanada,domestic heavy,0.0,,,,,
2012-06-01,6,2012,Trans Mountain Pipeline ULC,Trans Mountain pipeline,Burnaby,49.2685,-122.931,west,intracanada,domestic light,7.58918666666666,,,,,
2012-06-01,6,2012,Trans Mountain Pipeline ULC,Trans Mountain pipeline,Burnaby,49.2685,-122.931,west,intracanada,refined petroleum products,4.97137,,,,,
2012-06-01,6,2012,Trans Mountain Pipeline ULC,Trans Mountain pipeline,Sumas,49.0766,-122.203,south,export,domestic heavy,0.632306666666666,,,,,
2012-06-01,6,2012,Trans Mountain Pipeline ULC,Trans Mountain pipeline,Sumas,49.0766,-122.203,south,export,domestic light,22.5354366666666,,,,,
2012-06-01,6,2012,Trans Mountain Pipeline ULC,Trans Mountain pipeline,Sumas,49.0766,-122.203,south,export,refined petroleum products,0.0,,,,,
2012-06-01,6,2012,Trans Mountain Pipeline ULC,Trans Mountain pipeline,Westridge,49.2908,-122.95,west,export,domestic heavy,10.4095366666666,,,,,
2012-06-01,6,2012,Trans Mountain Pipeline ULC,Trans Mountain pipeline,Westridge,49.2908,-122.95,west,export,domestic light,0.0,,,,,
2012-06-01,6,2012,Trans Mountain Pipeline ULC,Trans Mountain pipeline,Westridge,49.2908,-122.95,west,export,refined petroleum products,0.0,,,,,
2012-06-01,6,2012,Trans Mountain Pipeline ULC,Trans Mountain pipeline,system,,,,,,,,,,46.0,Heavy percentage
2012-07-01,7,2012,Trans Mountain Pipeline ULC,Trans Mountain pipeline,Burnaby,49.2685,-122.931,west,intracanada,domestic heavy,0.0,,,,,
2012-07-01,7,2012,Trans Mountain Pipeline ULC,Trans Mountain pipeline,Burnaby,49.2685,-122.931,west,intracanada,domestic light,7.3856193548387,,,,,
2012-07-01,7,2012,Trans Mountain Pipeline ULC,Trans Mountain pipeline,Burnaby,49.2685,-122.931,west,intracanada,refined petroleum products,7.31921612903225,,,,,
2012-07-01,7,2012,Trans Mountain Pipeline ULC,Trans Mountain pipeline,Sumas,49.0766,-122.203,south,export,domestic heavy,1.30354516129032,,,,,
2012-07-01,7,2012,Trans Mountain Pipeline ULC,Trans Mountain pipeline,Sumas,49.0766,-122.203,south,export,domestic light,19.661664516129,,,,,
2012-07-01,7,2012,Trans Mountain Pipeline ULC,Trans Mountain pipeline,Sumas,49.0766,-122.203,south,export,refined petroleum products,0.0,,,,,
2012-07-01,7,2012,Trans Mountain Pipeline ULC,Trans Mountain pipeline,Westridge,49.2908,-122.95,west,export,domestic heavy,10.6514032258064,,,,,
2012-07-01,7,2012,Trans Mountain Pipeline ULC,Trans Mountain pipeline,Westridge,49.2908,-122.95,west,export,domestic light,0.422412903225806,,,,,
2012-07-01,7,2012,Trans Mountain Pipeline ULC,Trans Mountain pipeline,Westridge,49.2908,-122.95,west,export,refined petroleum products,0.0,,,,,
2012-07-01,7,2012,Trans Mountain Pipeline ULC,Trans Mountain pipeline,system,,,,,,,,,,45.0,Heavy percentage; maintenance
2012-08-01,8,2012,Trans Mountain Pipeline ULC,Trans Mountain pipeline,Burnaby,49.2685,-122.931,west,intracanada,domestic heavy,0.0,,,,,
2012-08-01,8,2012,Trans Mountain Pipeline ULC,Trans Mountain pipeline,Burnaby,49.2685,-122.931,west,intracanada,domestic light,7.9689,,,,,
2012-08-01,8,2012,Trans Mountain Pipeline ULC,Trans Mountain pipeline,Burnaby,49.2685,-122.931,west,intracanada,refined petroleum products,8.85474838709677,,,,,
2012-08-01,8,2012,Trans Mountain Pipeline ULC,Trans Mountain pipeline,Sumas,49.0766,-122.203,south,export,domestic heavy,0.0,,,,,
2012-08-01,8,2012,Trans Mountain Pipeline ULC,Trans Mountain pipeline,Sumas,49.0766,-122.203,south,export,domestic light,23.3437548387096,,,,,
2012-08-01,8,2012,Trans Mountain Pipeline ULC,Trans Mountain pipeline,Sumas,49.0766,-122.203,south,export,refined petroleum products,0.0,,,,,
2012-08-01,8,2012,Trans Mountain Pipeline ULC,Trans Mountain pipeline,Westridge,49.2908,-122.95,west,export,domestic heavy,6.29059677419354,,,,,
2012-08-01,8,2012,Trans Mountain Pipeline ULC,Trans Mountain pipeline,Westridge,49.2908,-122.95,west,export,domestic light,1.79319032258064,,,,,
2012-08-01,8,2012,Trans Mountain Pipeline ULC,Trans Mountain pipeline,Westridge,49.2908,-122.95,west,export,refined petroleum products,0.0,,,,,
2012-08-01,8,2012,Trans Mountain Pipeline ULC,Trans Mountain pipeline,system,,,,,,,,,,49.0,Heavy percentage; maintenance
2012-09-01,9,2012,Trans Mountain Pipeline ULC,Trans Mountain pipeline,Burnaby,49.2685,-122.931,west,intracanada,domestic heavy,0.0,,,,,
2012-09-01,9,2012,Trans Mountain Pipeline ULC,Trans Mountain pipeline,Burnaby,49.2685,-122.931,west,intracanada,domestic light,8.05194333333333,,,,,
2012-09-01,9,2012,Trans Mountain Pipeline ULC,Trans Mountain pipeline,Burnaby,49.2685,-122.931,west,intracanada,refined petroleum products,8.24799,,,,,
2012-09-01,9,2012,Trans Mountain Pipeline ULC,Trans Mountain pipeline,Sumas,49.0766,-122.203,south,export,domestic heavy,0.0,,,,,
2012-09-01,9,2012,Trans Mountain Pipeline ULC,Trans Mountain pipeline,Sumas,49.0766,-122.203,south,export,domestic light,23.87298,,,,,
2012-09-01,9,2012,Trans Mountain Pipeline ULC,Trans Mountain pipeline,Sumas,49.0766,-122.203,south,export,refined petroleum products,0.0,,,,,
2012-09-01,9,2012,Trans Mountain Pipeline ULC,Trans Mountain pipeline,Westridge,49.2908,-122.95,west,export,domestic heavy,9.03986,,,,,
2012-09-01,9,2012,Trans Mountain Pipeline ULC,Trans Mountain pipeline,Westridge,49.2908,-122.95,west,export,domestic light,1.58932333333333,,,,,
2012-09-01,9,2012,Trans Mountain Pipeline ULC,Trans Mountain pipeline,Westridge,49.2908,-122.95,west,export,refined petroleum products,0.0,,,,,
2012-09-01,9,2012,Trans Mountain Pipeline ULC,Trans Mountain pipeline,system,,,,,,,,,,46.0,Heavy percentage
2012-10-01,10,2012,Trans Mountain Pipeline ULC,Trans Mountain pipeline,Burnaby,49.2685,-122.931,west,intracanada,domestic heavy,0.0,,,,,
2012-10-01,10,2012,Trans Mountain Pipeline ULC,Trans Mountain pipeline,Burnaby,49.2685,-122.931,west,intracanada,domestic light,5.93978709677419,,,,,
2012-10-01,10,2012,Trans Mountain Pipeline ULC,Trans Mountain pipeline,Burnaby,49.2685,-122.931,west,intracanada,refined petroleum products,7.24152580645161,,,,,
2012-10-01,10,2012,Trans Mountain Pipeline ULC,Trans Mountain pipeline,Sumas,49.0766,-122.203,south,export,domestic heavy,0.0,,,,,
2012-10-01,10,2012,Trans Mountain Pipeline ULC,Trans Mountain pipeline,Sumas,49.0766,-122.203,south,export,domestic light,22.9618387096774,,,,,
2012-10-01,10,2012,Trans Mountain Pipeline ULC,Trans Mountain pipeline,Sumas,49.0766,-122.203,south,export,refined petroleum products,0.0,,,,,
2012-10-01,10,2012,Trans Mountain Pipeline ULC,Trans Mountain pipeline,Westridge,49.2908,-122.95,west,export,domestic heavy,6.93334838709677,,,,,
2012-10-01,10,2012,Trans Mountain Pipeline ULC,Trans Mountain pipeline,Westridge,49.2908,-122.95,west,export,domestic light,1.24427419354838,,,,,
2012-10-01,10,2012,Trans Mountain Pipeline ULC,Trans Mountain pipeline,Westridge,49.2908,-122.95,west,export,refined petroleum products,0.0,,,,,
2012-10-01,10,2012,Trans Mountain Pipeline ULC,Trans Mountain pipeline,system,,,,,,,,,,42.0,Heavy percentage; maintenance
2012-11-01,11,2012,Trans Mountain Pipeline ULC,Trans Mountain pipeline,Burnaby,49.2685,-122.931,west,intracanada,domestic heavy,0.0,,,,,
2012-11-01,11,2012,Trans Mountain Pipeline ULC,Trans Mountain pipeline,Burnaby,49.2685,-122.931,west,intracanada,domestic light,6.42805333333333,,,,,
2012-11-01,11,2012,Trans Mountain Pipeline ULC,Trans Mountain pipeline,Burnaby,49.2685,-122.931,west,intracanada,refined petroleum products,7.18284333333333,,,,,
2012-11-01,11,2012,Trans Mountain Pipeline ULC,Trans Mountain pipeline,Sumas,49.0766,-122.203,south,export,domestic heavy,0.833583333333333,,,,,
2012-11-01,11,2012,Trans Mountain Pipeline ULC,Trans Mountain pipeline,Sumas,49.0766,-122.203,south,export,domestic light,19.32835,,,,,
2012-11-01,11,2012,Trans Mountain Pipeline ULC,Trans Mountain pipeline,Sumas,49.0766,-122.203,south,export,refined petroleum products,0.0,,,,,
2012-11-01,11,2012,Trans Mountain Pipeline ULC,Trans Mountain pipeline,Westridge,49.2908,-122.95,west,export,domestic heavy,10.83376,,,,,
2012-11-01,11,2012,Trans Mountain Pipeline ULC,Trans Mountain pipeline,Westridge,49.2908,-122.95,west,export,domestic light,0.42658,,,,,
2012-11-01,11,2012,Trans Mountain Pipeline ULC,Trans Mountain pipeline,Westridge,49.2908,-122.95,west,export,refined petroleum products,0.0,,,,,
2012-11-01,11,2012,Trans Mountain Pipeline ULC,Trans Mountain pipeline,system,,,,,,,,,,43.0,Heavy percentage; maintenance
2012-12-01,12,2012,Trans Mountain Pipeline ULC,Trans Mountain pipeline,Burnaby,49.2685,-122.931,west,intracanada,domestic heavy,0.0,,,,,
2012-12-01,12,2012,Trans Mountain Pipeline ULC,Trans Mountain pipeline,Burnaby,49.2685,-122.931,west,intracanada,domestic light,6.96837741935483,,,,,
2012-12-01,12,2012,Trans Mountain Pipeline ULC,Trans Mountain pipeline,Burnaby,49.2685,-122.931,west,intracanada,refined petroleum products,7.95498064516129,,,,,
2012-12-01,12,2012,Trans Mountain Pipeline ULC,Trans Mountain pipeline,Sumas,49.0766,-122.203,south,export,domestic heavy,0.0,,,,,
2012-12-01,12,2012,Trans Mountain Pipeline ULC,Trans Mountain pipeline,Sumas,49.0766,-122.203,south,export,domestic light,21.2201709677419,,,,,
2012-12-01,12,2012,Trans Mountain Pipeline ULC,Trans Mountain pipeline,Sumas,49.0766,-122.203,south,export,refined petroleum products,0.0,,,,,
2012-12-01,12,2012,Trans Mountain Pipeline ULC,Trans Mountain pipeline,Westridge,49.2908,-122.95,west,export,domestic heavy,10.4148870967741,,,,,
2012-12-01,12,2012,Trans Mountain Pipeline ULC,Trans Mountain pipeline,Westridge,49.2908,-122.95,west,export,domestic light,0.0,,,,,
2012-12-01,12,2012,Trans Mountain Pipeline ULC,Trans Mountain pipeline,Westridge,49.2908,-122.95,west,export,refined petroleum products,0.0,,,,,
2012-12-01,12,2012,Trans Mountain Pipeline ULC,Trans Mountain pipeline,system,,,,,,,,,,44.0,Heavy percentage; carry over
2013-01-01,1,2013,Trans Mountain Pipeline ULC,Trans Mountain pipeline,Burnaby,49.2685,-122.931,west,intracanada,domestic heavy,0.0,,,,,
2013-01-01,1,2013,Trans Mountain Pipeline ULC,Trans Mountain pipeline,Burnaby,49.2685,-122.931,west,intracanada,domestic light,5.92214838709677,,,,,
2013-01-01,1,2013,Trans Mountain Pipeline ULC,Trans Mountain pipeline,Burnaby,49.2685,-122.931,west,intracanada,refined petroleum products,8.23271612903225,,,,,
2013-01-01,1,2013,Trans Mountain Pipeline ULC,Trans Mountain pipeline,Sumas,49.0766,-122.203,south,export,domestic heavy,0.0,,,,,
2013-01-01,1,2013,Trans Mountain Pipeline ULC,Trans Mountain pipeline,Sumas,49.0766,-122.203,south,export,domestic light,19.9294483870967,,,,,
2013-01-01,1,2013,Trans Mountain Pipeline ULC,Trans Mountain pipeline,Sumas,49.0766,-122.203,south,export,refined petroleum products,0.0,,,,,
2013-01-01,1,2013,Trans Mountain Pipeline ULC,Trans Mountain pipeline,Westridge,49.2908,-122.95,west,export,domestic heavy,10.409864516129,,,,,
2013-01-01,1,2013,Trans Mountain Pipeline ULC,Trans Mountain pipeline,Westridge,49.2908,-122.95,west,export,domestic light,1.27255161290322,,,,,
2013-01-01,1,2013,Trans Mountain Pipeline ULC,Trans Mountain pipeline,Westridge,49.2908,-122.95,west,export,refined petroleum products,0.0,,,,,
2013-01-01,1,2013,Trans Mountain Pipeline ULC,Trans Mountain pipeline,system,,,,,,,,,,45.0,Heavy percentage
2013-02-01,2,2013,Trans Mountain Pipeline ULC,Trans Mountain pipeline,Burnaby,49.2685,-122.931,west,intracanada,domestic heavy,0.0,,,,,
2013-02-01,2,2013,Trans Mountain Pipeline ULC,Trans Mountain pipeline,Burnaby,49.2685,-122.931,west,intracanada,domestic light,4.61116785714285,,,,,
2013-02-01,2,2013,Trans Mountain Pipeline ULC,Trans Mountain pipeline,Burnaby,49.2685,-122.931,west,intracanada,refined petroleum products,9.00718571428571,,,,,
2013-02-01,2,2013,Trans Mountain Pipeline ULC,Trans Mountain pipeline,Sumas,49.0766,-122.203,south,export,domestic heavy,0.0,,,,,
2013-02-01,2,2013,Trans Mountain Pipeline ULC,Trans Mountain pipeline,Sumas,49.0766,-122.203,south,export,domestic light,24.1802321428571,,,,,
2013-02-01,2,2013,Trans Mountain Pipeline ULC,Trans Mountain pipeline,Sumas,49.0766,-122.203,south,export,refined petroleum products,0.0,,,,,
2013-02-01,2,2013,Trans Mountain Pipeline ULC,Trans Mountain pipeline,Westridge,49.2908,-122.95,west,export,domestic heavy,11.0688642857142,,,,,
2013-02-01,2,2013,Trans Mountain Pipeline ULC,Trans Mountain pipeline,Westridge,49.2908,-122.95,west,export,domestic light,0.0,,,,,
2013-02-01,2,2013,Trans Mountain Pipeline ULC,Trans Mountain pipeline,Westridge,49.2908,-122.95,west,export,refined petroleum products,0.0,,,,,
2013-02-01,2,2013,Trans Mountain Pipeline ULC,Trans Mountain pipeline,system,,,,,,,,,,45.0,Heavy percentage
2013-03-01,3,2013,Trans Mountain Pipeline ULC,Trans Mountain pipeline,Burnaby,49.2685,-122.931,west,intracanada,domestic heavy,0.0,,,,,
2013-03-01,3,2013,Trans Mountain Pipeline ULC,Trans Mountain pipeline,Burnaby,49.2685,-122.931,west,intracanada,domestic light,3.26195483870967,,,,,
2013-03-01,3,2013,Trans Mountain Pipeline ULC,Trans Mountain pipeline,Burnaby,49.2685,-122.931,west,intracanada,refined petroleum products,8.15135161290322,,,,,
2013-03-01,3,2013,Trans Mountain Pipeline ULC,Trans Mountain pipeline,Sumas,49.0766,-122.203,south,export,domestic heavy,0.0,,,,,
2013-03-01,3,2013,Trans Mountain Pipeline ULC,Trans Mountain pipeline,Sumas,49.0766,-122.203,south,export,domestic light,23.7196806451612,,,,,
2013-03-01,3,2013,Trans Mountain Pipeline ULC,Trans Mountain pipeline,Sumas,49.0766,-122.203,south,export,refined petroleum products,0.0,,,,,
2013-03-01,3,2013,Trans Mountain Pipeline ULC,Trans Mountain pipeline,Westridge,49.2908,-122.95,west,export,domestic heavy,12.1511870967741,,,,,
2013-03-01,3,2013,Trans Mountain Pipeline ULC,Trans Mountain pipeline,Westridge,49.2908,-122.95,west,export,domestic light,0.0,,,,,
2013-03-01,3,2013,Trans Mountain Pipeline ULC,Trans Mountain pipeline,Westridge,49.2908,-122.95,west,export,refined petroleum products,0.0,,,,,
2013-03-01,3,2013,Trans Mountain Pipeline ULC,Trans Mountain pipeline,system,,,,,,,,,,47.0,Heavy percentage
2013-04-01,4,2013,Trans Mountain Pipeline ULC,Trans Mountain pipeline,Burnaby,49.2685,-122.931,west,intracanada,domestic heavy,0.0,,,,,
2013-04-01,4,2013,Trans Mountain Pipeline ULC,Trans Mountain pipeline,Burnaby,49.2685,-122.931,west,intracanada,domestic light,4.51756666666666,,,,,
2013-04-01,4,2013,Trans Mountain Pipeline ULC,Trans Mountain pipeline,Burnaby,49.2685,-122.931,west,intracanada,refined petroleum products,8.08739,,,,,
2013-04-01,4,2013,Trans Mountain Pipeline ULC,Trans Mountain pipeline,Sumas,49.0766,-122.203,south,export,domestic heavy,0.3185,,,,,
2013-04-01,4,2013,Trans Mountain Pipeline ULC,Trans Mountain pipeline,Sumas,49.0766,-122.203,south,export,domestic light,25.1153633333333,,,,,
2013-04-01,4,2013,Trans Mountain Pipeline ULC,Trans Mountain pipeline,Sumas,49.0766,-122.203,south,export,refined petroleum products,0.0,,,,,
2013-04-01,4,2013,Trans Mountain Pipeline ULC,Trans Mountain pipeline,Westridge,49.2908,-122.95,west,export,domestic heavy,9.90895333333333,,,,,
2013-04-01,4,2013,Trans Mountain Pipeline ULC,Trans Mountain pipeline,Westridge,49.2908,-122.95,west,export,domestic light,0.0,,,,,
2013-04-01,4,2013,Trans Mountain Pipeline ULC,Trans Mountain pipeline,Westridge,49.2908,-122.95,west,export,refined petroleum products,0.0,,,,,
2013-04-01,4,2013,Trans Mountain Pipeline ULC,Trans Mountain pipeline,system,,,,,,,,,,47.0,Heavy percentage
2013-05-01,5,2013,Trans Mountain Pipeline ULC,Trans Mountain pipeline,Burnaby,49.2685,-122.931,west,intracanada,domestic heavy,0.0,,,,,
2013-05-01,5,2013,Trans Mountain Pipeline ULC,Trans Mountain pipeline,Burnaby,49.2685,-122.931,west,intracanada,domestic light,6.73656451612903,,,,,
2013-05-01,5,2013,Trans Mountain Pipeline ULC,Trans Mountain pipeline,Burnaby,49.2685,-122.931,west,intracanada,refined petroleum products,4.84156129032258,,,,,
2013-05-01,5,2013,Trans Mountain Pipeline ULC,Trans Mountain pipeline,Sumas,49.0766,-122.203,south,export,domestic heavy,2.54265806451612,,,,,
2013-05-01,5,2013,Trans Mountain Pipeline ULC,Trans Mountain pipeline,Sumas,49.0766,-122.203,south,export,domestic light,25.8876451612903,,,,,
2013-05-01,5,2013,Trans Mountain Pipeline ULC,Trans Mountain pipeline,Sumas,49.0766,-122.203,south,export,refined petroleum products,0.0,,,,,
2013-05-01,5,2013,Trans Mountain Pipeline ULC,Trans Mountain pipeline,Westridge,49.2908,-122.95,west,export,domestic heavy,9.71481612903225,,,,,
2013-05-01,5,2013,Trans Mountain Pipeline ULC,Trans Mountain pipeline,Westridge,49.2908,-122.95,west,export,domestic light,0.0,,,,,
2013-05-01,5,2013,Trans Mountain Pipeline ULC,Trans Mountain pipeline,Westridge,49.2908,-122.95,west,export,refined petroleum products,0.0,,,,,
2013-05-01,5,2013,Trans Mountain Pipeline ULC,Trans Mountain pipeline,system,,,,,,,,,,47.0,Heavy percentage; maintenance
2013-06-01,6,2013,Trans Mountain Pipeline ULC,Trans Mountain pipeline,Burnaby,49.2685,-122.931,west,intracanada,domestic heavy,0.0,,,,,
2013-06-01,6,2013,Trans Mountain Pipeline ULC,Trans Mountain pipeline,Burnaby,49.2685,-122.931,west,intracanada,domestic light,5.68096333333333,,,,,
2013-06-01,6,2013,Trans Mountain Pipeline ULC,Trans Mountain pipeline,Burnaby,49.2685,-122.931,west,intracanada,refined petroleum products,5.95121333333333,,,,,
2013-06-01,6,2013,Trans Mountain Pipeline ULC,Trans Mountain pipeline,Sumas,49.0766,-122.203,south,export,domestic heavy,1.74012333333333,,,,,
2013-06-01,6,2013,Trans Mountain Pipeline ULC,Trans Mountain pipeline,Sumas,49.0766,-122.203,south,export,domestic light,22.18875,,,,,
2013-06-01,6,2013,Trans Mountain Pipeline ULC,Trans Mountain pipeline,Sumas,49.0766,-122.203,south,export,refined petroleum products,0.0,,,,,
2013-06-01,6,2013,Trans Mountain Pipeline ULC,Trans Mountain pipeline,Westridge,49.2908,-122.95,west,export,domestic heavy,7.37957666666666,,,,,
2013-06-01,6,2013,Trans Mountain Pipeline ULC,Trans Mountain pipeline,Westridge,49.2908,-122.95,west,export,domestic light,0.0,,,,,
2013-06-01,6,2013,Trans Mountain Pipeline ULC,Trans Mountain pipeline,Westridge,49.2908,-122.95,west,export,refined petroleum products,0.0,,,,,
2013-06-01,6,2013,Trans Mountain Pipeline ULC,Trans Mountain pipeline,system,,,,,,,,,,49.0,Heavy percentage
2013-07-01,7,2013,Trans Mountain Pipeline ULC,Trans Mountain pipeline,Burnaby,49.2685,-122.931,west,intracanada,domestic heavy,0.0,,,,,
2013-07-01,7,2013,Trans Mountain Pipeline ULC,Trans Mountain pipeline,Burnaby,49.2685,-122.931,west,intracanada,domestic light,6.0020193548387,,,,,
2013-07-01,7,2013,Trans Mountain Pipeline ULC,Trans Mountain pipeline,Burnaby,49.2685,-122.931,west,intracanada,refined petroleum products,8.30759677419354,,,,,
2013-07-01,7,2013,Trans Mountain Pipeline ULC,Trans Mountain pipeline,Sumas,49.0766,-122.203,south,export,domestic heavy,1.20563870967741,,,,,
2013-07-01,7,2013,Trans Mountain Pipeline ULC,Trans Mountain pipeline,Sumas,49.0766,-122.203,south,export,domestic light,17.7042709677419,,,,,
2013-07-01,7,2013,Trans Mountain Pipeline ULC,Trans Mountain pipeline,Sumas,49.0766,-122.203,south,export,refined petroleum products,0.0,,,,,
2013-07-01,7,2013,Trans Mountain Pipeline ULC,Trans Mountain pipeline,Westridge,49.2908,-122.95,west,export,domestic heavy,7.93772580645161,,,,,
2013-07-01,7,2013,Trans Mountain Pipeline ULC,Trans Mountain pipeline,Westridge,49.2908,-122.95,west,export,domestic light,0.0,,,,,
2013-07-01,7,2013,Trans Mountain Pipeline ULC,Trans Mountain pipeline,Westridge,49.2908,-122.95,west,export,refined petroleum products,0.0,,,,,
2013-07-01,7,2013,Trans Mountain Pipeline ULC,Trans Mountain pipeline,system,,,,,,,,,,33.0,Pressure Restriction; heavy percentage; maintenance; carryover
2013-08-01,8,2013,Trans Mountain Pipeline ULC,Trans Mountain pipeline,Burnaby,49.2685,-122.931,west,intracanada,domestic heavy,0.0,,,,,
2013-08-01,8,2013,Trans Mountain Pipeline ULC,Trans Mountain pipeline,Burnaby,49.2685,-122.931,west,intracanada,domestic light,7.03278064516129,,,,,
2013-08-01,8,2013,Trans Mountain Pipeline ULC,Trans Mountain pipeline,Burnaby,49.2685,-122.931,west,intracanada,refined petroleum products,8.45639677419354,,,,,
2013-08-01,8,2013,Trans Mountain Pipeline ULC,Trans Mountain pipeline,Sumas,49.0766,-122.203,south,export,domestic heavy,0.28588064516129,,,,,
2013-08-01,8,2013,Trans Mountain Pipeline ULC,Trans Mountain pipeline,Sumas,49.0766,-122.203,south,export,domestic light,17.994464516129,,,,,
2013-08-01,8,2013,Trans Mountain Pipeline ULC,Trans Mountain pipeline,Sumas,49.0766,-122.203,south,export,refined petroleum products,0.0,,,,,
2013-08-01,8,2013,Trans Mountain Pipeline ULC,Trans Mountain pipeline,Westridge,49.2908,-122.95,west,export,domestic heavy,7.89697419354838,,,,,
2013-08-01,8,2013,Trans Mountain Pipeline ULC,Trans Mountain pipeline,Westridge,49.2908,-122.95,west,export,domestic light,0.0,,,,,
2013-08-01,8,2013,Trans Mountain Pipeline ULC,Trans Mountain pipeline,Westridge,49.2908,-122.95,west,export,refined petroleum products,0.0,,,,,
2013-08-01,8,2013,Trans Mountain Pipeline ULC,Trans Mountain pipeline,system,,,,,,,,,,43.0,Pressure Restriction; heavy percentage; maintenance
2013-09-01,9,2013,Trans Mountain Pipeline ULC,Trans Mountain pipeline,Burnaby,49.2685,-122.931,west,intracanada,domestic heavy,0.0,,,,,
2013-09-01,9,2013,Trans Mountain Pipeline ULC,Trans Mountain pipeline,Burnaby,49.2685,-122.931,west,intracanada,domestic light,5.77983,,,,,
2013-09-01,9,2013,Trans Mountain Pipeline ULC,Trans Mountain pipeline,Burnaby,49.2685,-122.931,west,intracanada,refined petroleum products,9.84273333333333,,,,,
2013-09-01,9,2013,Trans Mountain Pipeline ULC,Trans Mountain pipeline,Sumas,49.0766,-122.203,south,export,domestic heavy,1.12724333333333,,,,,
2013-09-01,9,2013,Trans Mountain Pipeline ULC,Trans Mountain pipeline,Sumas,49.0766,-122.203,south,export,domestic light,17.53275,,,,,
2013-09-01,9,2013,Trans Mountain Pipeline ULC,Trans Mountain pipeline,Sumas,49.0766,-122.203,south,export,refined petroleum products,0.0,,,,,
2013-09-01,9,2013,Trans Mountain Pipeline ULC,Trans Mountain pipeline,Westridge,49.2908,-122.95,west,export,domestic heavy,6.73059,,,,,
2013-09-01,9,2013,Trans Mountain Pipeline ULC,Trans Mountain pipeline,Westridge,49.2908,-122.95,west,export,domestic light,0.37145,,,,,
2013-09-01,9,2013,Trans Mountain Pipeline ULC,Trans Mountain pipeline,Westridge,49.2908,-122.95,west,export,refined petroleum products,0.0,,,,,
2013-09-01,9,2013,Trans Mountain Pipeline ULC,Trans Mountain pipeline,system,,,,,,,,,,37.0,Pressure Restriction; heavy percentage; maintenance
2013-10-01,10,2013,Trans Mountain Pipeline ULC,Trans Mountain pipeline,Burnaby,49.2685,-122.931,west,intracanada,domestic heavy,0.0,,,,,
2013-10-01,10,2013,Trans Mountain Pipeline ULC,Trans Mountain pipeline,Burnaby,49.2685,-122.931,west,intracanada,domestic light,4.71057096774193,,,,,
2013-10-01,10,2013,Trans Mountain Pipeline ULC,Trans Mountain pipeline,Burnaby,49.2685,-122.931,west,intracanada,refined petroleum products,6.7061129032258,,,,,
2013-10-01,10,2013,Trans Mountain Pipeline ULC,Trans Mountain pipeline,Sumas,49.0766,-122.203,south,export,domestic heavy,0.339606451612903,,,,,
2013-10-01,10,2013,Trans Mountain Pipeline ULC,Trans Mountain pipeline,Sumas,49.0766,-122.203,south,export,domestic light,17.0758,,,,,
2013-10-01,10,2013,Trans Mountain Pipeline ULC,Trans Mountain pipeline,Sumas,49.0766,-122.203,south,export,refined petroleum products,0.0,,,,,
2013-10-01,10,2013,Trans Mountain Pipeline ULC,Trans Mountain pipeline,Westridge,49.2908,-122.95,west,export,domestic heavy,7.70566451612903,,,,,
2013-10-01,10,2013,Trans Mountain Pipeline ULC,Trans Mountain pipeline,Westridge,49.2908,-122.95,west,export,domestic light,2.33702580645161,,,,,
2013-10-01,10,2013,Trans Mountain Pipeline ULC,Trans Mountain pipeline,Westridge,49.2908,-122.95,west,export,refined petroleum products,0.0,,,,,
2013-10-01,10,2013,Trans Mountain Pipeline ULC,Trans Mountain pipeline,system,,,,,,,,,,38.0,Pressure Restriction; heavy percentage; maintenance
2013-11-01,11,2013,Trans Mountain Pipeline ULC,Trans Mountain pipeline,Burnaby,49.2685,-122.931,west,intracanada,domestic heavy,0.0,,,,,
2013-11-01,11,2013,Trans Mountain Pipeline ULC,Trans Mountain pipeline,Burnaby,49.2685,-122.931,west,intracanada,domestic light,6.62184333333333,,,,,
2013-11-01,11,2013,Trans Mountain Pipeline ULC,Trans Mountain pipeline,Burnaby,49.2685,-122.931,west,intracanada,refined petroleum products,8.09760666666666,,,,,
2013-11-01,11,2013,Trans Mountain Pipeline ULC,Trans Mountain pipeline,Sumas,49.0766,-122.203,south,export,domestic heavy,0.602433333333333,,,,,
2013-11-01,11,2013,Trans Mountain Pipeline ULC,Trans Mountain pipeline,Sumas,49.0766,-122.203,south,export,domestic light,17.67737,,,,,
2013-11-01,11,2013,Trans Mountain Pipeline ULC,Trans Mountain pipeline,Sumas,49.0766,-122.203,south,export,refined petroleum products,0.0,,,,,
2013-11-01,11,2013,Trans Mountain Pipeline ULC,Trans Mountain pipeline,Westridge,49.2908,-122.95,west,export,domestic heavy,7.25234333333333,,,,,
2013-11-01,11,2013,Trans Mountain Pipeline ULC,Trans Mountain pipeline,Westridge,49.2908,-122.95,west,export,domestic light,0.0,,,,,
2013-11-01,11,2013,Trans Mountain Pipeline ULC,Trans Mountain pipeline,Westridge,49.2908,-122.95,west,export,refined petroleum products,0.0,,,,,
2013-11-01,11,2013,Trans Mountain Pipeline ULC,Trans Mountain pipeline,system,,,,,,,,,,46.0,Pressure Restriction; heavy percentage
2013-12-01,12,2013,Trans Mountain Pipeline ULC,Trans Mountain pipeline,Burnaby,49.2685,-122.931,west,intracanada,domestic heavy,0.0,,,,,
2013-12-01,12,2013,Trans Mountain Pipeline ULC,Trans Mountain pipeline,Burnaby,49.2685,-122.931,west,intracanada,domestic light,5.46133225806451,,,,,
2013-12-01,12,2013,Trans Mountain Pipeline ULC,Trans Mountain pipeline,Burnaby,49.2685,-122.931,west,intracanada,refined petroleum products,8.83615483870967,,,,,
2013-12-01,12,2013,Trans Mountain Pipeline ULC,Trans Mountain pipeline,Sumas,49.0766,-122.203,south,export,domestic heavy,0.820987096774193,,,,,
2013-12-01,12,2013,Trans Mountain Pipeline ULC,Trans Mountain pipeline,Sumas,49.0766,-122.203,south,export,domestic light,19.3292516129032,,,,,
2013-12-01,12,2013,Trans Mountain Pipeline ULC,Trans Mountain pipeline,Sumas,49.0766,-122.203,south,export,refined petroleum products,0.0,,,,,
2013-12-01,12,2013,Trans Mountain Pipeline ULC,Trans Mountain pipeline,Westridge,49.2908,-122.95,west,export,domestic heavy,5.05900322580645,,,,,
2013-12-01,12,2013,Trans Mountain Pipeline ULC,Trans Mountain pipeline,Westridge,49.2908,-122.95,west,export,domestic light,3.46759354838709,,,,,
2013-12-01,12,2013,Trans Mountain Pipeline ULC,Trans Mountain pipeline,Westridge,49.2908,-122.95,west,export,refined petroleum products,0.0,,,,,
2013-12-01,12,2013,Trans Mountain Pipeline ULC,Trans Mountain pipeline,system,,,,,,,,,,39.0,Pressure Restriction; heavy percentage; maintenance
2014-01-01,1,2014,Trans Mountain Pipeline ULC,Trans Mountain pipeline,Burnaby,49.2685,-122.931,west,intracanada,domestic heavy,0.0,,,,,
2014-01-01,1,2014,Trans Mountain Pipeline ULC,Trans Mountain pipeline,Burnaby,49.2685,-122.931,west,intracanada,domestic light,5.47322258064516,,,,,
2014-01-01,1,2014,Trans Mountain Pipeline ULC,Trans Mountain pipeline,Burnaby,49.2685,-122.931,west,intracanada,refined petroleum products,8.24337096774193,,,,,
2014-01-01,1,2014,Trans Mountain Pipeline ULC,Trans Mountain pipeline,Sumas,49.0766,-122.203,south,export,domestic heavy,0.66126129032258,,,,,
2014-01-01,1,2014,Trans Mountain Pipeline ULC,Trans Mountain pipeline,Sumas,49.0766,-122.203,south,export,domestic light,17.309493548387,,,,,
2014-01-01,1,2014,Trans Mountain Pipeline ULC,Trans Mountain pipeline,Sumas,49.0766,-122.203,south,export,refined petroleum products,0.0,,,,,
2014-01-01,1,2014,Trans Mountain Pipeline ULC,Trans Mountain pipeline,Westridge,49.2908,-122.95,west,export,domestic heavy,10.7914677419354,,,,,
2014-01-01,1,2014,Trans Mountain Pipeline ULC,Trans Mountain pipeline,Westridge,49.2908,-122.95,west,export,domestic light,0.0,,,,,
2014-01-01,1,2014,Trans Mountain Pipeline ULC,Trans Mountain pipeline,Westridge,49.2908,-122.95,west,export,refined petroleum products,0.0,,,,,
2014-01-01,1,2014,Trans Mountain Pipeline ULC,Trans Mountain pipeline,system,,,,,,,,,,40.0,Pressure Restriction; heavy percentage
2014-02-01,2,2014,Trans Mountain Pipeline ULC,Trans Mountain pipeline,Burnaby,49.2685,-122.931,west,intracanada,domestic heavy,0.0,,,,,
2014-02-01,2,2014,Trans Mountain Pipeline ULC,Trans Mountain pipeline,Burnaby,49.2685,-122.931,west,intracanada,domestic light,3.07297857142857,,,,,
2014-02-01,2,2014,Trans Mountain Pipeline ULC,Trans Mountain pipeline,Burnaby,49.2685,-122.931,west,intracanada,refined petroleum products,9.11694285714285,,,,,
2014-02-01,2,2014,Trans Mountain Pipeline ULC,Trans Mountain pipeline,Sumas,49.0766,-122.203,south,export,domestic heavy,0.433571428571428,,,,,
2014-02-01,2,2014,Trans Mountain Pipeline ULC,Trans Mountain pipeline,Sumas,49.0766,-122.203,south,export,domestic light,21.5765785714285,,,,,
2014-02-01,2,2014,Trans Mountain Pipeline ULC,Trans Mountain pipeline,Sumas,49.0766,-122.203,south,export,refined petroleum products,0.0,,,,,
2014-02-01,2,2014,Trans Mountain Pipeline ULC,Trans Mountain pipeline,Westridge,49.2908,-122.95,west,export,domestic heavy,7.29231785714285,,,,,
2014-02-01,2,2014,Trans Mountain Pipeline ULC,Trans Mountain pipeline,Westridge,49.2908,-122.95,west,export,domestic light,0.0,,,,,
2014-02-01,2,2014,Trans Mountain Pipeline ULC,Trans Mountain pipeline,Westridge,49.2908,-122.95,west,export,refined petroleum products,0.0,,,,,
2014-02-01,2,2014,Trans Mountain Pipeline ULC,Trans Mountain pipeline,system,,,,,,,,,,43.0,Pressure Restriction; heavy percentage
2014-03-01,3,2014,Trans Mountain Pipeline ULC,Trans Mountain pipeline,Burnaby,49.2685,-122.931,west,intracanada,domestic heavy,0.0,,,,,
2014-03-01,3,2014,Trans Mountain Pipeline ULC,Trans Mountain pipeline,Burnaby,49.2685,-122.931,west,intracanada,domestic light,6.13697741935483,,,,,
2014-03-01,3,2014,Trans Mountain Pipeline ULC,Trans Mountain pipeline,Burnaby,49.2685,-122.931,west,intracanada,refined petroleum products,8.85835161290322,,,,,
2014-03-01,3,2014,Trans Mountain Pipeline ULC,Trans Mountain pipeline,Sumas,49.0766,-122.203,south,export,domestic heavy,1.2709,,,,,
2014-03-01,3,2014,Trans Mountain Pipeline ULC,Trans Mountain pipeline,Sumas,49.0766,-122.203,south,export,domestic light,20.951829032258,,,,,
2014-03-01,3,2014,Trans Mountain Pipeline ULC,Trans Mountain pipeline,Sumas,49.0766,-122.203,south,export,refined petroleum products,0.0,,,,,
2014-03-01,3,2014,Trans Mountain Pipeline ULC,Trans Mountain pipeline,Westridge,49.2908,-122.95,west,export,domestic heavy,9.41224516129032,,,,,
2014-03-01,3,2014,Trans Mountain Pipeline ULC,Trans Mountain pipeline,Westridge,49.2908,-122.95,west,export,domestic light,1.51289677419354,,,,,
2014-03-01,3,2014,Trans Mountain Pipeline ULC,Trans Mountain pipeline,Westridge,49.2908,-122.95,west,export,refined petroleum products,0.0,,,,,
2014-03-01,3,2014,Trans Mountain Pipeline ULC,Trans Mountain pipeline,system,,,,,,,,,,44.0,Pressure Restriction; heavy percentage
2014-04-01,4,2014,Trans Mountain Pipeline ULC,Trans Mountain pipeline,Burnaby,49.2685,-122.931,west,intracanada,domestic heavy,0.0,,,,,
2014-04-01,4,2014,Trans Mountain Pipeline ULC,Trans Mountain pipeline,Burnaby,49.2685,-122.931,west,intracanada,domestic light,6.18102,,,,,
2014-04-01,4,2014,Trans Mountain Pipeline ULC,Trans Mountain pipeline,Burnaby,49.2685,-122.931,west,intracanada,refined petroleum products,8.52255,,,,,
2014-04-01,4,2014,Trans Mountain Pipeline ULC,Trans Mountain pipeline,Sumas,49.0766,-122.203,south,export,domestic heavy,0.87768,,,,,
2014-04-01,4,2014,Trans Mountain Pipeline ULC,Trans Mountain pipeline,Sumas,49.0766,-122.203,south,export,domestic light,25.9761866666666,,,,,
2014-04-01,4,2014,Trans Mountain Pipeline ULC,Trans Mountain pipeline,Sumas,49.0766,-122.203,south,export,refined petroleum products,0.0,,,,,
2014-04-01,4,2014,Trans Mountain Pipeline ULC,Trans Mountain pipeline,Westridge,49.2908,-122.95,west,export,domestic heavy,2.23738666666666,,,,,
2014-04-01,4,2014,Trans Mountain Pipeline ULC,Trans Mountain pipeline,Westridge,49.2908,-122.95,west,export,domestic light,4.27692666666666,,,,,
2014-04-01,4,2014,Trans Mountain Pipeline ULC,Trans Mountain pipeline,Westridge,49.2908,-122.95,west,export,refined petroleum products,0.0,,,,,
2014-04-01,4,2014,Trans Mountain Pipeline ULC,Trans Mountain pipeline,system,,,,,,,,,,46.0,Pressure Restriction; heavy percentage; maintenance
2014-05-01,5,2014,Trans Mountain Pipeline ULC,Trans Mountain pipeline,Burnaby,49.2685,-122.931,west,intracanada,domestic heavy,0.0,,,,,
2014-05-01,5,2014,Trans Mountain Pipeline ULC,Trans Mountain pipeline,Burnaby,49.2685,-122.931,west,intracanada,domestic light,6.20129677419354,,,,,
2014-05-01,5,2014,Trans Mountain Pipeline ULC,Trans Mountain pipeline,Burnaby,49.2685,-122.931,west,intracanada,refined petroleum products,7.71055806451612,,,,,
2014-05-01,5,2014,Trans Mountain Pipeline ULC,Trans Mountain pipeline,Sumas,49.0766,-122.203,south,export,domestic heavy,0.879422580645161,,,,,
2014-05-01,5,2014,Trans Mountain Pipeline ULC,Trans Mountain pipeline,Sumas,49.0766,-122.203,south,export,domestic light,22.4794064516129,,,,,
2014-05-01,5,2014,Trans Mountain Pipeline ULC,Trans Mountain pipeline,Sumas,49.0766,-122.203,south,export,refined petroleum products,0.0,,,,,
2014-05-01,5,2014,Trans Mountain Pipeline ULC,Trans Mountain pipeline,Westridge,49.2908,-122.95,west,export,domestic heavy,9.88332903225806,,,,,
2014-05-01,5,2014,Trans Mountain Pipeline ULC,Trans Mountain pipeline,Westridge,49.2908,-122.95,west,export,domestic light,0.116467741935483,,,,,
2014-05-01,5,2014,Trans Mountain Pipeline ULC,Trans Mountain pipeline,Westridge,49.2908,-122.95,west,export,refined petroleum products,0.0,,,,,
2014-05-01,5,2014,Trans Mountain Pipeline ULC,Trans Mountain pipeline,system,,,,,,,,,,45.0,Pressure Restriction; heavy percentage
2014-06-01,6,2014,Trans Mountain Pipeline ULC,Trans Mountain pipeline,Burnaby,49.2685,-122.931,west,intracanada,domestic heavy,0.0,,,,,
2014-06-01,6,2014,Trans Mountain Pipeline ULC,Trans Mountain pipeline,Burnaby,49.2685,-122.931,west,intracanada,domestic light,6.2503,,,,,
2014-06-01,6,2014,Trans Mountain Pipeline ULC,Trans Mountain pipeline,Burnaby,49.2685,-122.931,west,intracanada,refined petroleum products,9.57242666666666,,,,,
2014-06-01,6,2014,Trans Mountain Pipeline ULC,Trans Mountain pipeline,Sumas,49.0766,-122.203,south,export,domestic heavy,1.48182333333333,,,,,
2014-06-01,6,2014,Trans Mountain Pipeline ULC,Trans Mountain pipeline,Sumas,49.0766,-122.203,south,export,domestic light,19.2146866666666,,,,,
2014-06-01,6,2014,Trans Mountain Pipeline ULC,Trans Mountain pipeline,Sumas,49.0766,-122.203,south,export,refined petroleum products,0.0,,,,,
2014-06-01,6,2014,Trans Mountain Pipeline ULC,Trans Mountain pipeline,Westridge,49.2908,-122.95,west,export,domestic heavy,8.69366666666666,,,,,
2014-06-01,6,2014,Trans Mountain Pipeline ULC,Trans Mountain pipeline,Westridge,49.2908,-122.95,west,export,domestic light,0.698253333333333,,,,,
2014-06-01,6,2014,Trans Mountain Pipeline ULC,Trans Mountain pipeline,Westridge,49.2908,-122.95,west,export,refined petroleum products,0.0,,,,,
2014-06-01,6,2014,Trans Mountain Pipeline ULC,Trans Mountain pipeline,system,,,,,,,,,,45.0,Pressure Restriction; heavy percentage
2014-07-01,7,2014,Trans Mountain Pipeline ULC,Trans Mountain pipeline,Burnaby,49.2685,-122.931,west,intracanada,domestic heavy,0.0,,,,,
2014-07-01,7,2014,Trans Mountain Pipeline ULC,Trans Mountain pipeline,Burnaby,49.2685,-122.931,west,intracanada,domestic light,6.19089032258064,,,,,
2014-07-01,7,2014,Trans Mountain Pipeline ULC,Trans Mountain pipeline,Burnaby,49.2685,-122.931,west,intracanada,refined petroleum products,7.6768,,,,,
2014-07-01,7,2014,Trans Mountain Pipeline ULC,Trans Mountain pipeline,Sumas,49.0766,-122.203,south,export,domestic heavy,1.72486774193548,,,,,
2014-07-01,7,2014,Trans Mountain Pipeline ULC,Trans Mountain pipeline,Sumas,49.0766,-122.203,south,export,domestic light,20.8391258064516,,,,,
2014-07-01,7,2014,Trans Mountain Pipeline ULC,Trans Mountain pipeline,Sumas,49.0766,-122.203,south,export,refined petroleum products,0.0,,,,,
2014-07-01,7,2014,Trans Mountain Pipeline ULC,Trans Mountain pipeline,Westridge,49.2908,-122.95,west,export,domestic heavy,9.86718709677419,,,,,
2014-07-01,7,2014,Trans Mountain Pipeline ULC,Trans Mountain pipeline,Westridge,49.2908,-122.95,west,export,domestic light,1.47652903225806,,,,,
2014-07-01,7,2014,Trans Mountain Pipeline ULC,Trans Mountain pipeline,Westridge,49.2908,-122.95,west,export,refined petroleum products,0.0,,,,,
2014-07-01,7,2014,Trans Mountain Pipeline ULC,Trans Mountain pipeline,system,,,,,,,,,,45.0,Pressure Restriction; heavy percentage; maintenance
2014-08-01,8,2014,Trans Mountain Pipeline ULC,Trans Mountain pipeline,Burnaby,49.2685,-122.931,west,intracanada,domestic heavy,0.0,,,,,
2014-08-01,8,2014,Trans Mountain Pipeline ULC,Trans Mountain pipeline,Burnaby,49.2685,-122.931,west,intracanada,domestic light,6.7420129032258,,,,,
2014-08-01,8,2014,Trans Mountain Pipeline ULC,Trans Mountain pipeline,Burnaby,49.2685,-122.931,west,intracanada,refined petroleum products,9.42467741935483,,,,,
2014-08-01,8,2014,Trans Mountain Pipeline ULC,Trans Mountain pipeline,Sumas,49.0766,-122.203,south,export,domestic heavy,2.84760322580645,,,,,
2014-08-01,8,2014,Trans Mountain Pipeline ULC,Trans Mountain pipeline,Sumas,49.0766,-122.203,south,export,domestic light,21.1249354838709,,,,,
2014-08-01,8,2014,Trans Mountain Pipeline ULC,Trans Mountain pipeline,Sumas,49.0766,-122.203,south,export,refined petroleum products,0.0,,,,,
2014-08-01,8,2014,Trans Mountain Pipeline ULC,Trans Mountain pipeline,Westridge,49.2908,-122.95,west,export,domestic heavy,7.91653870967741,,,,,
2014-08-01,8,2014,Trans Mountain Pipeline ULC,Trans Mountain pipeline,Westridge,49.2908,-122.95,west,export,domestic light,0.0,,,,,
2014-08-01,8,2014,Trans Mountain Pipeline ULC,Trans Mountain pipeline,Westridge,49.2908,-122.95,west,export,refined petroleum products,0.0,,,,,
2014-08-01,8,2014,Trans Mountain Pipeline ULC,Trans Mountain pipeline,system,,,,,,,,,,46.0,Pressure Restriction; heavy percentage
2014-09-01,9,2014,Trans Mountain Pipeline ULC,Trans Mountain pipeline,Burnaby,49.2685,-122.931,west,intracanada,domestic heavy,0.0,,,,,
2014-09-01,9,2014,Trans Mountain Pipeline ULC,Trans Mountain pipeline,Burnaby,49.2685,-122.931,west,intracanada,domestic light,7.03459666666666,,,,,
2014-09-01,9,2014,Trans Mountain Pipeline ULC,Trans Mountain pipeline,Burnaby,49.2685,-122.931,west,intracanada,refined petroleum products,7.16090666666666,,,,,
2014-09-01,9,2014,Trans Mountain Pipeline ULC,Trans Mountain pipeline,Sumas,49.0766,-122.203,south,export,domestic heavy,3.41659,,,,,
2014-09-01,9,2014,Trans Mountain Pipeline ULC,Trans Mountain pipeline,Sumas,49.0766,-122.203,south,export,domestic light,21.21889,,,,,
2014-09-01,9,2014,Trans Mountain Pipeline ULC,Trans Mountain pipeline,Sumas,49.0766,-122.203,south,export,refined petroleum products,0.0,,,,,
2014-09-01,9,2014,Trans Mountain Pipeline ULC,Trans Mountain pipeline,Westridge,49.2908,-122.95,west,export,domestic heavy,8.19159666666666,,,,,
2014-09-01,9,2014,Trans Mountain Pipeline ULC,Trans Mountain pipeline,Westridge,49.2908,-122.95,west,export,domestic light,0.0,,,,,
2014-09-01,9,2014,Trans Mountain Pipeline ULC,Trans Mountain pipeline,Westridge,49.2908,-122.95,west,export,refined petroleum products,0.0,,,,,
2014-09-01,9,2014,Trans Mountain Pipeline ULC,Trans Mountain pipeline,system,,,,,,,,,,44.0,Heavy percentage; maintenance
2014-10-01,10,2014,Trans Mountain Pipeline ULC,Trans Mountain pipeline,Burnaby,49.2685,-122.931,west,intracanada,domestic heavy,0.0,,,,,
2014-10-01,10,2014,Trans Mountain Pipeline ULC,Trans Mountain pipeline,Burnaby,49.2685,-122.931,west,intracanada,domestic light,7.03047741935483,,,,,
2014-10-01,10,2014,Trans Mountain Pipeline ULC,Trans Mountain pipeline,Burnaby,49.2685,-122.931,west,intracanada,refined petroleum products,7.85142580645161,,,,,
2014-10-01,10,2014,Trans Mountain Pipeline ULC,Trans Mountain pipeline,Sumas,49.0766,-122.203,south,export,domestic heavy,4.22568709677419,,,,,
2014-10-01,10,2014,Trans Mountain Pipeline ULC,Trans Mountain pipeline,Sumas,49.0766,-122.203,south,export,domestic light,21.2005709677419,,,,,
2014-10-01,10,2014,Trans Mountain Pipeline ULC,Trans Mountain pipeline,Sumas,49.0766,-122.203,south,export,refined petroleum products,0.0,,,,,
2014-10-01,10,2014,Trans Mountain Pipeline ULC,Trans Mountain pipeline,Westridge,49.2908,-122.95,west,export,domestic heavy,5.40148064516129,,,,,
2014-10-01,10,2014,Trans Mountain Pipeline ULC,Trans Mountain pipeline,Westridge,49.2908,-122.95,west,export,domestic light,0.429770967741935,,,,,
2014-10-01,10,2014,Trans Mountain Pipeline ULC,Trans Mountain pipeline,Westridge,49.2908,-122.95,west,export,refined petroleum products,0.0,,,,,
2014-10-01,10,2014,Trans Mountain Pipeline ULC,Trans Mountain pipeline,system,,,,,,,,,,46.0,Heavy percentage; maintenance
2014-11-01,11,2014,Trans Mountain Pipeline ULC,Trans Mountain pipeline,Burnaby,49.2685,-122.931,west,intracanada,domestic heavy,0.0,,,,,
2014-11-01,11,2014,Trans Mountain Pipeline ULC,Trans Mountain pipeline,Burnaby,49.2685,-122.931,west,intracanada,domestic light,7.13207666666666,,,,,
2014-11-01,11,2014,Trans Mountain Pipeline ULC,Trans Mountain pipeline,Burnaby,49.2685,-122.931,west,intracanada,refined petroleum products,10.1545333333333,,,,,
2014-11-01,11,2014,Trans Mountain Pipeline ULC,Trans Mountain pipeline,Sumas,49.0766,-122.203,south,export,domestic heavy,1.14373666666666,,,,,
2014-11-01,11,2014,Trans Mountain Pipeline ULC,Trans Mountain pipeline,Sumas,49.0766,-122.203,south,export,domestic light,20.8279866666666,,,,,
2014-11-01,11,2014,Trans Mountain Pipeline ULC,Trans Mountain pipeline,Sumas,49.0766,-122.203,south,export,refined petroleum products,0.0,,,,,
2014-11-01,11,2014,Trans Mountain Pipeline ULC,Trans Mountain pipeline,Westridge,49.2908,-122.95,west,export,domestic heavy,6.09757666666666,,,,,
2014-11-01,11,2014,Trans Mountain Pipeline ULC,Trans Mountain pipeline,Westridge,49.2908,-122.95,west,export,domestic light,2.3678,,,,,
2014-11-01,11,2014,Trans Mountain Pipeline ULC,Trans Mountain pipeline,Westridge,49.2908,-122.95,west,export,refined petroleum products,0.0,,,,,
2014-11-01,11,2014,Trans Mountain Pipeline ULC,Trans Mountain pipeline,system,,,,,,,,,,46.0,Heavy percentage; maintenance
2014-12-01,12,2014,Trans Mountain Pipeline ULC,Trans Mountain pipeline,Burnaby,49.2685,-122.931,west,intracanada,domestic heavy,0.0,,,,,
2014-12-01,12,2014,Trans Mountain Pipeline ULC,Trans Mountain pipeline,Burnaby,49.2685,-122.931,west,intracanada,domestic light,7.22753225806451,,,,,
2014-12-01,12,2014,Trans Mountain Pipeline ULC,Trans Mountain pipeline,Burnaby,49.2685,-122.931,west,intracanada,refined petroleum products,9.29283548387096,,,,,
2014-12-01,12,2014,Trans Mountain Pipeline ULC,Trans Mountain pipeline,Sumas,49.0766,-122.203,south,export,domestic heavy,0.0,,,,,
2014-12-01,12,2014,Trans Mountain Pipeline ULC,Trans Mountain pipeline,Sumas,49.0766,-122.203,south,export,domestic light,22.0404741935483,,,,,
2014-12-01,12,2014,Trans Mountain Pipeline ULC,Trans Mountain pipeline,Sumas,49.0766,-122.203,south,export,refined petroleum products,0.0,,,,,
2014-12-01,12,2014,Trans Mountain Pipeline ULC,Trans Mountain pipeline,Westridge,49.2908,-122.95,west,export,domestic heavy,3.80462258064516,,,,,
2014-12-01,12,2014,Trans Mountain Pipeline ULC,Trans Mountain pipeline,Westridge,49.2908,-122.95,west,export,domestic light,5.36812580645161,,,,,
2014-12-01,12,2014,Trans Mountain Pipeline ULC,Trans Mountain pipeline,Westridge,49.2908,-122.95,west,export,refined petroleum products,0.0,,,,,
2014-12-01,12,2014,Trans Mountain Pipeline ULC,Trans Mountain pipeline,system,,,,,,,,,,50.0,Heavy percentage
2015-01-01,1,2015,Trans Mountain Pipeline ULC,Trans Mountain pipeline,Burnaby,49.2685,-122.931,west,intracanada,domestic heavy,0.0,,,,,
2015-01-01,1,2015,Trans Mountain Pipeline ULC,Trans Mountain pipeline,Burnaby,49.2685,-122.931,west,intracanada,domestic light,6.89979032258064,,,,,
2015-01-01,1,2015,Trans Mountain Pipeline ULC,Trans Mountain pipeline,Burnaby,49.2685,-122.931,west,intracanada,refined petroleum products,10.5295193548387,,,,,
2015-01-01,1,2015,Trans Mountain Pipeline ULC,Trans Mountain pipeline,Sumas,49.0766,-122.203,south,export,domestic heavy,0.0,,,,,
2015-01-01,1,2015,Trans Mountain Pipeline ULC,Trans Mountain pipeline,Sumas,49.0766,-122.203,south,export,domestic light,23.3734387096774,,,,,
2015-01-01,1,2015,Trans Mountain Pipeline ULC,Trans Mountain pipeline,Sumas,49.0766,-122.203,south,export,refined petroleum products,0.0,,,,,
2015-01-01,1,2015,Trans Mountain Pipeline ULC,Trans Mountain pipeline,Westridge,49.2908,-122.95,west,export,domestic heavy,6.69687741935483,,,,,
2015-01-01,1,2015,Trans Mountain Pipeline ULC,Trans Mountain pipeline,Westridge,49.2908,-122.95,west,export,domestic light,0.848464516129032,,,,,
2015-01-01,1,2015,Trans Mountain Pipeline ULC,Trans Mountain pipeline,Westridge,49.2908,-122.95,west,export,refined petroleum products,0.0,,,,,
2015-01-01,1,2015,Trans Mountain Pipeline ULC,Trans Mountain pipeline,system,,,,,,,,,,43.0,Heavy percentage
2015-02-01,2,2015,Trans Mountain Pipeline ULC,Trans Mountain pipeline,Burnaby,49.2685,-122.931,west,intracanada,domestic heavy,0.0,,,,,
2015-02-01,2,2015,Trans Mountain Pipeline ULC,Trans Mountain pipeline,Burnaby,49.2685,-122.931,west,intracanada,domestic light,5.21919285714285,,,,,
2015-02-01,2,2015,Trans Mountain Pipeline ULC,Trans Mountain pipeline,Burnaby,49.2685,-122.931,west,intracanada,refined petroleum products,9.44343928571428,,,,,
2015-02-01,2,2015,Trans Mountain Pipeline ULC,Trans Mountain pipeline,Sumas,49.0766,-122.203,south,export,domestic heavy,4.19780357142857,,,,,
2015-02-01,2,2015,Trans Mountain Pipeline ULC,Trans Mountain pipeline,Sumas,49.0766,-122.203,south,export,domestic light,20.6702464285714,,,,,
2015-02-01,2,2015,Trans Mountain Pipeline ULC,Trans Mountain pipeline,Sumas,49.0766,-122.203,south,export,refined petroleum products,0.0,,,,,
2015-02-01,2,2015,Trans Mountain Pipeline ULC,Trans Mountain pipeline,Westridge,49.2908,-122.95,west,export,domestic heavy,9.196625,,,,,
2015-02-01,2,2015,Trans Mountain Pipeline ULC,Trans Mountain pipeline,Westridge,49.2908,-122.95,west,export,domestic light,0.480485714285714,,,,,
2015-02-01,2,2015,Trans Mountain Pipeline ULC,Trans Mountain pipeline,Westridge,49.2908,-122.95,west,export,refined petroleum products,0.0,,,,,
2015-02-01,2,2015,Trans Mountain Pipeline ULC,Trans Mountain pipeline,system,,,,,,,,,,50.0,Heavy percentage
2015-03-01,3,2015,Trans Mountain Pipeline ULC,Trans Mountain pipeline,Burnaby,49.2685,-122.931,west,intracanada,domestic heavy,0.0,,,,,
2015-03-01,3,2015,Trans Mountain Pipeline ULC,Trans Mountain pipeline,Burnaby,49.2685,-122.931,west,intracanada,domestic light,0.762203225806451,,,,,
2015-03-01,3,2015,Trans Mountain Pipeline ULC,Trans Mountain pipeline,Burnaby,49.2685,-122.931,west,intracanada,refined petroleum products,11.6383451612903,,,,,
2015-03-01,3,2015,Trans Mountain Pipeline ULC,Trans Mountain pipeline,Sumas,49.0766,-122.203,south,export,domestic heavy,2.98355161290322,,,,,
2015-03-01,3,2015,Trans Mountain Pipeline ULC,Trans Mountain pipeline,Sumas,49.0766,-122.203,south,export,domestic light,25.9514193548387,,,,,
2015-03-01,3,2015,Trans Mountain Pipeline ULC,Trans Mountain pipeline,Sumas,49.0766,-122.203,south,export,refined petroleum products,0.0,,,,,
2015-03-01,3,2015,Trans Mountain Pipeline ULC,Trans Mountain pipeline,Westridge,49.2908,-122.95,west,export,domestic heavy,4.73231612903225,,,,,
2015-03-01,3,2015,Trans Mountain Pipeline ULC,Trans Mountain pipeline,Westridge,49.2908,-122.95,west,export,domestic light,2.76530967741935,,,,,
2015-03-01,3,2015,Trans Mountain Pipeline ULC,Trans Mountain pipeline,Westridge,49.2908,-122.95,west,export,refined petroleum products,0.0,,,,,
2015-03-01,3,2015,Trans Mountain Pipeline ULC,Trans Mountain pipeline,system,,,,,,,,,,47.0,Heavy percentage; maintenance
2015-04-01,4,2015,Trans Mountain Pipeline ULC,Trans Mountain pipeline,Burnaby,49.2685,-122.931,west,intracanada,domestic heavy,0.0,,,,,
2015-04-01,4,2015,Trans Mountain Pipeline ULC,Trans Mountain pipeline,Burnaby,49.2685,-122.931,west,intracanada,domestic light,5.52891,,,,,
2015-04-01,4,2015,Trans Mountain Pipeline ULC,Trans Mountain pipeline,Burnaby,49.2685,-122.931,west,intracanada,refined petroleum products,10.2621633333333,,,,,
2015-04-01,4,2015,Trans Mountain Pipeline ULC,Trans Mountain pipeline,Sumas,49.0766,-122.203,south,export,domestic heavy,0.42105,,,,,
2015-04-01,4,2015,Trans Mountain Pipeline ULC,Trans Mountain pipeline,Sumas,49.0766,-122.203,south,export,domestic light,26.8329866666666,,,,,
2015-04-01,4,2015,Trans Mountain Pipeline ULC,Trans Mountain pipeline,Sumas,49.0766,-122.203,south,export,refined petroleum products,0.0,,,,,
2015-04-01,4,2015,Trans Mountain Pipeline ULC,Trans Mountain pipeline,Westridge,49.2908,-122.95,west,export,domestic heavy,6.32609666666666,,,,,
2015-04-01,4,2015,Trans Mountain Pipeline ULC,Trans Mountain pipeline,Westridge,49.2908,-122.95,west,export,domestic light,1.97938,,,,,
2015-04-01,4,2015,Trans Mountain Pipeline ULC,Trans Mountain pipeline,Westridge,49.2908,-122.95,west,export,refined petroleum products,0.0,,,,,
2015-04-01,4,2015,Trans Mountain Pipeline ULC,Trans Mountain pipeline,system,,,,,,,,,,51.0,Heavy percentage
2015-05-01,5,2015,Trans Mountain Pipeline ULC,Trans Mountain pipeline,Burnaby,49.2685,-122.931,west,intracanada,domestic heavy,0.0,,,,,
2015-05-01,5,2015,Trans Mountain Pipeline ULC,Trans Mountain pipeline,Burnaby,49.2685,-122.931,west,intracanada,domestic light,7.83324193548387,,,,,
2015-05-01,5,2015,Trans Mountain Pipeline ULC,Trans Mountain pipeline,Burnaby,49.2685,-122.931,west,intracanada,refined petroleum products,13.3290677419354,,,,,
2015-05-01,5,2015,Trans Mountain Pipeline ULC,Trans Mountain pipeline,Sumas,49.0766,-122.203,south,export,domestic heavy,0.0,,,,,
2015-05-01,5,2015,Trans Mountain Pipeline ULC,Trans Mountain pipeline,Sumas,49.0766,-122.203,south,export,domestic light,27.547493548387,,,,,
2015-05-01,5,2015,Trans Mountain Pipeline ULC,Trans Mountain pipeline,Sumas,49.0766,-122.203,south,export,refined petroleum products,0.0,,,,,
2015-05-01,5,2015,Trans Mountain Pipeline ULC,Trans Mountain pipeline,Westridge,49.2908,-122.95,west,export,domestic heavy,5.25821612903225,,,,,
2015-05-01,5,2015,Trans Mountain Pipeline ULC,Trans Mountain pipeline,Westridge,49.2908,-122.95,west,export,domestic light,0.0,,,,,
2015-05-01,5,2015,Trans Mountain Pipeline ULC,Trans Mountain pipeline,Westridge,49.2908,-122.95,west,export,refined petroleum products,0.0,,,,,
2015-05-01,5,2015,Trans Mountain Pipeline ULC,Trans Mountain pipeline,system,,,,,,,,,,54.0,Heavy percentage
2015-06-01,6,2015,Trans Mountain Pipeline ULC,Trans Mountain pipeline,Burnaby,49.2685,-122.931,west,intracanada,domestic heavy,0.0,,,,,
2015-06-01,6,2015,Trans Mountain Pipeline ULC,Trans Mountain pipeline,Burnaby,49.2685,-122.931,west,intracanada,domestic light,8.14855,,,,,
2015-06-01,6,2015,Trans Mountain Pipeline ULC,Trans Mountain pipeline,Burnaby,49.2685,-122.931,west,intracanada,refined petroleum products,9.31182333333333,,,,,
2015-06-01,6,2015,Trans Mountain Pipeline ULC,Trans Mountain pipeline,Sumas,49.0766,-122.203,south,export,domestic heavy,2.96985,,,,,
2015-06-01,6,2015,Trans Mountain Pipeline ULC,Trans Mountain pipeline,Sumas,49.0766,-122.203,south,export,domestic light,23.6494866666666,,,,,
2015-06-01,6,2015,Trans Mountain Pipeline ULC,Trans Mountain pipeline,Sumas,49.0766,-122.203,south,export,refined petroleum products,0.0,,,,,
2015-06-01,6,2015,Trans Mountain Pipeline ULC,Trans Mountain pipeline,Westridge,49.2908,-122.95,west,export,domestic heavy,1.88140666666666,,,,,
2015-06-01,6,2015,Trans Mountain Pipeline ULC,Trans Mountain pipeline,Westridge,49.2908,-122.95,west,export,domestic light,4.37145666666666,,,,,
2015-06-01,6,2015,Trans Mountain Pipeline ULC,Trans Mountain pipeline,Westridge,49.2908,-122.95,west,export,refined petroleum products,0.0,,,,,
2015-06-01,6,2015,Trans Mountain Pipeline ULC,Trans Mountain pipeline,system,,,,,,,,,,50.0,Heavy percentage
2015-07-01,7,2015,Trans Mountain Pipeline ULC,Trans Mountain pipeline,Burnaby,49.2685,-122.931,west,intracanada,domestic heavy,0.0,,,,,
2015-07-01,7,2015,Trans Mountain Pipeline ULC,Trans Mountain pipeline,Burnaby,49.2685,-122.931,west,intracanada,domestic light,8.36725806451612,,,,,
2015-07-01,7,2015,Trans Mountain Pipeline ULC,Trans Mountain pipeline,Burnaby,49.2685,-122.931,west,intracanada,refined petroleum products,9.14519677419354,,,,,
2015-07-01,7,2015,Trans Mountain Pipeline ULC,Trans Mountain pipeline,Sumas,49.0766,-122.203,south,export,domestic heavy,0.670693548387096,,,,,
2015-07-01,7,2015,Trans Mountain Pipeline ULC,Trans Mountain pipeline,Sumas,49.0766,-122.203,south,export,domestic light,29.0559064516129,,,,,
2015-07-01,7,2015,Trans Mountain Pipeline ULC,Trans Mountain pipeline,Sumas,49.0766,-122.203,south,export,refined petroleum products,0.0,,,,,
2015-07-01,7,2015,Trans Mountain Pipeline ULC,Trans Mountain pipeline,Westridge,49.2908,-122.95,west,export,domestic heavy,3.97643225806451,,,,,
2015-07-01,7,2015,Trans Mountain Pipeline ULC,Trans Mountain pipeline,Westridge,49.2908,-122.95,west,export,domestic light,0.862154838709677,,,,,
2015-07-01,7,2015,Trans Mountain Pipeline ULC,Trans Mountain pipeline,Westridge,49.2908,-122.95,west,export,refined petroleum products,0.0,,,,,
2015-07-01,7,2015,Trans Mountain Pipeline ULC,Trans Mountain pipeline,system,,,,,,,,,,50.0,Heavy percentage; maintenance
2015-08-01,8,2015,Trans Mountain Pipeline ULC,Trans Mountain pipeline,Burnaby,49.2685,-122.931,west,intracanada,domestic heavy,0.0,,,,,
2015-08-01,8,2015,Trans Mountain Pipeline ULC,Trans Mountain pipeline,Burnaby,49.2685,-122.931,west,intracanada,domestic light,7.9445064516129,,,,,
2015-08-01,8,2015,Trans Mountain Pipeline ULC,Trans Mountain pipeline,Burnaby,49.2685,-122.931,west,intracanada,refined petroleum products,8.93812580645161,,,,,
2015-08-01,8,2015,Trans Mountain Pipeline ULC,Trans Mountain pipeline,Sumas,49.0766,-122.203,south,export,domestic heavy,0.0,,,,,
2015-08-01,8,2015,Trans Mountain Pipeline ULC,Trans Mountain pipeline,Sumas,49.0766,-122.203,south,export,domestic light,32.9496258064516,,,,,
2015-08-01,8,2015,Trans Mountain Pipeline ULC,Trans Mountain pipeline,Sumas,49.0766,-122.203,south,export,refined petroleum products,0.0,,,,,
2015-08-01,8,2015,Trans Mountain Pipeline ULC,Trans Mountain pipeline,Westridge,49.2908,-122.95,west,export,domestic heavy,0.813683870967741,,,,,
2015-08-01,8,2015,Trans Mountain Pipeline ULC,Trans Mountain pipeline,Westridge,49.2908,-122.95,west,export,domestic light,1.8274064516129,,,,,
2015-08-01,8,2015,Trans Mountain Pipeline ULC,Trans Mountain pipeline,Westridge,49.2908,-122.95,west,export,refined petroleum products,0.0,,,,,
2015-08-01,8,2015,Trans Mountain Pipeline ULC,Trans Mountain pipeline,system,,,,,,,,,,51.0,Heavy percentage; maintenance
2015-09-01,9,2015,Trans Mountain Pipeline ULC,Trans Mountain pipeline,Burnaby,49.2685,-122.931,west,intracanada,domestic heavy,0.0,,,,,
2015-09-01,9,2015,Trans Mountain Pipeline ULC,Trans Mountain pipeline,Burnaby,49.2685,-122.931,west,intracanada,domestic light,8.44404333333333,,,,,
2015-09-01,9,2015,Trans Mountain Pipeline ULC,Trans Mountain pipeline,Burnaby,49.2685,-122.931,west,intracanada,refined petroleum products,4.32543,,,,,
2015-09-01,9,2015,Trans Mountain Pipeline ULC,Trans Mountain pipeline,Sumas,49.0766,-122.203,south,export,domestic heavy,0.0,,,,,
2015-09-01,9,2015,Trans Mountain Pipeline ULC,Trans Mountain pipeline,Sumas,49.0766,-122.203,south,export,domestic light,30.3310433333333,,,,,
2015-09-01,9,2015,Trans Mountain Pipeline ULC,Trans Mountain pipeline,Sumas,49.0766,-122.203,south,export,refined petroleum products,0.0,,,,,
2015-09-01,9,2015,Trans Mountain Pipeline ULC,Trans Mountain pipeline,Westridge,49.2908,-122.95,west,export,domestic heavy,1.71016333333333,,,,,
2015-09-01,9,2015,Trans Mountain Pipeline ULC,Trans Mountain pipeline,Westridge,49.2908,-122.95,west,export,domestic light,3.70559,,,,,
2015-09-01,9,2015,Trans Mountain Pipeline ULC,Trans Mountain pipeline,Westridge,49.2908,-122.95,west,export,refined petroleum products,0.0,,,,,
2015-09-01,9,2015,Trans Mountain Pipeline ULC,Trans Mountain pipeline,system,,,,,,,,,,46.0,Heavy percentage; maintenance
2015-10-01,10,2015,Trans Mountain Pipeline ULC,Trans Mountain pipeline,Burnaby,49.2685,-122.931,west,intracanada,domestic heavy,0.0,,,,,
2015-10-01,10,2015,Trans Mountain Pipeline ULC,Trans Mountain pipeline,Burnaby,49.2685,-122.931,west,intracanada,domestic light,8.37370967741935,,,,,
2015-10-01,10,2015,Trans Mountain Pipeline ULC,Trans Mountain pipeline,Burnaby,49.2685,-122.931,west,intracanada,refined petroleum products,5.89404516129032,,,,,
2015-10-01,10,2015,Trans Mountain Pipeline ULC,Trans Mountain pipeline,Sumas,49.0766,-122.203,south,export,domestic heavy,0.0,,,,,
2015-10-01,10,2015,Trans Mountain Pipeline ULC,Trans Mountain pipeline,Sumas,49.0766,-122.203,south,export,domestic light,30.5163483870967,,,,,
2015-10-01,10,2015,Trans Mountain Pipeline ULC,Trans Mountain pipeline,Sumas,49.0766,-122.203,south,export,refined petroleum products,0.0,,,,,
2015-10-01,10,2015,Trans Mountain Pipeline ULC,Trans Mountain pipeline,Westridge,49.2908,-122.95,west,export,domestic heavy,2.19771612903225,,,,,
2015-10-01,10,2015,Trans Mountain Pipeline ULC,Trans Mountain pipeline,Westridge,49.2908,-122.95,west,export,domestic light,1.74406451612903,,,,,
2015-10-01,10,2015,Trans Mountain Pipeline ULC,Trans Mountain pipeline,Westridge,49.2908,-122.95,west,export,refined petroleum products,0.0,,,,,
2015-10-01,10,2015,Trans Mountain Pipeline ULC,Trans Mountain pipeline,system,,,,,,,,,,51.0,Heavy percentage
2015-11-01,11,2015,Trans Mountain Pipeline ULC,Trans Mountain pipeline,Burnaby,49.2685,-122.931,west,intracanada,domestic heavy,0.0,,,,,
2015-11-01,11,2015,Trans Mountain Pipeline ULC,Trans Mountain pipeline,Burnaby,49.2685,-122.931,west,intracanada,domestic light,8.66394333333333,,,,,
2015-11-01,11,2015,Trans Mountain Pipeline ULC,Trans Mountain pipeline,Burnaby,49.2685,-122.931,west,intracanada,refined petroleum products,8.68423,,,,,
2015-11-01,11,2015,Trans Mountain Pipeline ULC,Trans Mountain pipeline,Sumas,49.0766,-122.203,south,export,domestic heavy,0.0,,,,,
2015-11-01,11,2015,Trans Mountain Pipeline ULC,Trans Mountain pipeline,Sumas,49.0766,-122.203,south,export,domestic light,29.3344566666666,,,,,
2015-11-01,11,2015,Trans Mountain Pipeline ULC,Trans Mountain pipeline,Sumas,49.0766,-122.203,south,export,refined petroleum products,0.0,,,,,
2015-11-01,11,2015,Trans Mountain Pipeline ULC,Trans Mountain pipeline,Westridge,49.2908,-122.95,west,export,domestic heavy,2.6966,,,,,
2015-11-01,11,2015,Trans Mountain Pipeline ULC,Trans Mountain pipeline,Westridge,49.2908,-122.95,west,export,domestic light,0.402396666666666,,,,,
2015-11-01,11,2015,Trans Mountain Pipeline ULC,Trans Mountain pipeline,Westridge,49.2908,-122.95,west,export,refined petroleum products,0.0,,,,,
2015-11-01,11,2015,Trans Mountain Pipeline ULC,Trans Mountain pipeline,system,,,,,,,,,,51.0,Heavy percentage; maintenance
2015-12-01,12,2015,Trans Mountain Pipeline ULC,Trans Mountain pipeline,Burnaby,49.2685,-122.931,west,intracanada,domestic heavy,0.0,,,,,
2015-12-01,12,2015,Trans Mountain Pipeline ULC,Trans Mountain pipeline,Burnaby,49.2685,-122.931,west,intracanada,domestic light,8.34163870967741,,,,,
2015-12-01,12,2015,Trans Mountain Pipeline ULC,Trans Mountain pipeline,Burnaby,49.2685,-122.931,west,intracanada,refined petroleum products,7.54957096774193,,,,,
2015-12-01,12,2015,Trans Mountain Pipeline ULC,Trans Mountain pipeline,Sumas,49.0766,-122.203,south,export,domestic heavy,1.5661064516129,,,,,
2015-12-01,12,2015,Trans Mountain Pipeline ULC,Trans Mountain pipeline,Sumas,49.0766,-122.203,south,export,domestic light,24.2239806451612,,,,,
2015-12-01,12,2015,Trans Mountain Pipeline ULC,Trans Mountain pipeline,Sumas,49.0766,-122.203,south,export,refined petroleum products,0.0,,,,,
2015-12-01,12,2015,Trans Mountain Pipeline ULC,Trans Mountain pipeline,Westridge,49.2908,-122.95,west,export,domestic heavy,7.84110967741935,,,,,
2015-12-01,12,2015,Trans Mountain Pipeline ULC,Trans Mountain pipeline,Westridge,49.2908,-122.95,west,export,domestic light,0.0,,,,,
2015-12-01,12,2015,Trans Mountain Pipeline ULC,Trans Mountain pipeline,Westridge,49.2908,-122.95,west,export,refined petroleum products,0.0,,,,,
2015-12-01,12,2015,Trans Mountain Pipeline ULC,Trans Mountain pipeline,system,,,,,,,,,,45.0,Heavy percentage; maintenance
2016-01-01,1,2016,Trans Mountain Pipeline ULC,Trans Mountain pipeline,Burnaby,49.2685,-122.931,west,intracanada,domestic heavy,0.0,,,,,
2016-01-01,1,2016,Trans Mountain Pipeline ULC,Trans Mountain pipeline,Burnaby,49.2685,-122.931,west,intracanada,domestic light,8.1235064516129,,,,,
2016-01-01,1,2016,Trans Mountain Pipeline ULC,Trans Mountain pipeline,Burnaby,49.2685,-122.931,west,intracanada,refined petroleum products,8.82775483870967,,,,,
2016-01-01,1,2016,Trans Mountain Pipeline ULC,Trans Mountain pipeline,Sumas,49.0766,-122.203,south,export,domestic heavy,4.77359032258064,,,,,
2016-01-01,1,2016,Trans Mountain Pipeline ULC,Trans Mountain pipeline,Sumas,49.0766,-122.203,south,export,domestic light,25.0349387096774,,,,,
2016-01-01,1,2016,Trans Mountain Pipeline ULC,Trans Mountain pipeline,Sumas,49.0766,-122.203,south,export,refined petroleum products,0.0,,,,,
2016-01-01,1,2016,Trans Mountain Pipeline ULC,Trans Mountain pipeline,Westridge,49.2908,-122.95,west,export,domestic heavy,3.92137419354838,,,,,
2016-01-01,1,2016,Trans Mountain Pipeline ULC,Trans Mountain pipeline,Westridge,49.2908,-122.95,west,export,domestic light,0.0,,,,,
2016-01-01,1,2016,Trans Mountain Pipeline ULC,Trans Mountain pipeline,Westridge,49.2908,-122.95,west,export,refined petroleum products,0.0,,,,,
2016-01-01,1,2016,Trans Mountain Pipeline ULC,Trans Mountain pipeline,system,,,,,,,,,,49.0,Heavy percentage
2016-02-01,2,2016,Trans Mountain Pipeline ULC,Trans Mountain pipeline,Burnaby,49.2685,-122.931,west,intracanada,domestic heavy,0.0,,,,,
2016-02-01,2,2016,Trans Mountain Pipeline ULC,Trans Mountain pipeline,Burnaby,49.2685,-122.931,west,intracanada,domestic light,6.3741,,,,,
2016-02-01,2,2016,Trans Mountain Pipeline ULC,Trans Mountain pipeline,Burnaby,49.2685,-122.931,west,intracanada,refined petroleum products,10.9762206896551,,,,,
2016-02-01,2,2016,Trans Mountain Pipeline ULC,Trans Mountain pipeline,Sumas,49.0766,-122.203,south,export,domestic heavy,0.0,,,,,
2016-02-01,2,2016,Trans Mountain Pipeline ULC,Trans Mountain pipeline,Sumas,49.0766,-122.203,south,export,domestic light,31.124148275862,,,,,
2016-02-01,2,2016,Trans Mountain Pipeline ULC,Trans Mountain pipeline,Sumas,49.0766,-122.203,south,export,refined petroleum products,0.0,,,,,
2016-02-01,2,2016,Trans Mountain Pipeline ULC,Trans Mountain pipeline,Westridge,49.2908,-122.95,west,export,domestic heavy,1.24188965517241,,,,,
2016-02-01,2,2016,Trans Mountain Pipeline ULC,Trans Mountain pipeline,Westridge,49.2908,-122.95,west,export,domestic light,0.0,,,,,
2016-02-01,2,2016,Trans Mountain Pipeline ULC,Trans Mountain pipeline,Westridge,49.2908,-122.95,west,export,refined petroleum products,0.0,,,,,
2016-02-01,2,2016,Trans Mountain Pipeline ULC,Trans Mountain pipeline,system,,,,,,,,,,50.0,Heavy percentage
2016-03-01,3,2016,Trans Mountain Pipeline ULC,Trans Mountain pipeline,Burnaby,49.2685,-122.931,west,intracanada,domestic heavy,0.0,,,,,
2016-03-01,3,2016,Trans Mountain Pipeline ULC,Trans Mountain pipeline,Burnaby,49.2685,-122.931,west,intracanada,domestic light,8.31316451612903,,,,,
2016-03-01,3,2016,Trans Mountain Pipeline ULC,Trans Mountain pipeline,Burnaby,49.2685,-122.931,west,intracanada,refined petroleum products,7.91009677419354,,,,,
2016-03-01,3,2016,Trans Mountain Pipeline ULC,Trans Mountain pipeline,Sumas,49.0766,-122.203,south,export,domestic heavy,0.0,,,,,
2016-03-01,3,2016,Trans Mountain Pipeline ULC,Trans Mountain pipeline,Sumas,49.0766,-122.203,south,export,domestic light,29.4424096774193,,,,,
2016-03-01,3,2016,Trans Mountain Pipeline ULC,Trans Mountain pipeline,Sumas,49.0766,-122.203,south,export,refined petroleum products,0.0,,,,,
2016-03-01,3,2016,Trans Mountain Pipeline ULC,Trans Mountain pipeline,Westridge,49.2908,-122.95,west,export,domestic heavy,3.95067096774193,,,,,
2016-03-01,3,2016,Trans Mountain Pipeline ULC,Trans Mountain pipeline,Westridge,49.2908,-122.95,west,export,domestic light,1.64709677419354,,,,,
2016-03-01,3,2016,Trans Mountain Pipeline ULC,Trans Mountain pipeline,Westridge,49.2908,-122.95,west,export,refined petroleum products,0.0,,,,,
2016-03-01,3,2016,Trans Mountain Pipeline ULC,Trans Mountain pipeline,system,,,,,,,,,,49.0,Heavy percentage; maintenance
2016-04-01,4,2016,Trans Mountain Pipeline ULC,Trans Mountain pipeline,Burnaby,49.2685,-122.931,west,intracanada,domestic heavy,0.0,,,,,
2016-04-01,4,2016,Trans Mountain Pipeline ULC,Trans Mountain pipeline,Burnaby,49.2685,-122.931,west,intracanada,domestic light,8.73122666666666,,,,,
2016-04-01,4,2016,Trans Mountain Pipeline ULC,Trans Mountain pipeline,Burnaby,49.2685,-122.931,west,intracanada,refined petroleum products,8.00820666666666,,,,,
2016-04-01,4,2016,Trans Mountain Pipeline ULC,Trans Mountain pipeline,Sumas,49.0766,-122.203,south,export,domestic heavy,0.0,,,,,
2016-04-01,4,2016,Trans Mountain Pipeline ULC,Trans Mountain pipeline,Sumas,49.0766,-122.203,south,export,domestic light,30.5009833333333,,,,,
2016-04-01,4,2016,Trans Mountain Pipeline ULC,Trans Mountain pipeline,Sumas,49.0766,-122.203,south,export,refined petroleum products,0.0,,,,,
2016-04-01,4,2016,Trans Mountain Pipeline ULC,Trans Mountain pipeline,Westridge,49.2908,-122.95,west,export,domestic heavy,4.71888333333333,,,,,
2016-04-01,4,2016,Trans Mountain Pipeline ULC,Trans Mountain pipeline,Westridge,49.2908,-122.95,west,export,domestic light,0.87697,,,,,
2016-04-01,4,2016,Trans Mountain Pipeline ULC,Trans Mountain pipeline,Westridge,49.2908,-122.95,west,export,refined petroleum products,0.0,,,,,
2016-04-01,4,2016,Trans Mountain Pipeline ULC,Trans Mountain pipeline,system,,,,,,,,,,51.0,Heavy percentage
2016-05-01,5,2016,Trans Mountain Pipeline ULC,Trans Mountain pipeline,Burnaby,49.2685,-122.931,west,intracanada,domestic heavy,0.0,,,,,
2016-05-01,5,2016,Trans Mountain Pipeline ULC,Trans Mountain pipeline,Burnaby,49.2685,-122.931,west,intracanada,domestic light,8.2175064516129,,,,,
2016-05-01,5,2016,Trans Mountain Pipeline ULC,Trans Mountain pipeline,Burnaby,49.2685,-122.931,west,intracanada,refined petroleum products,5.04767419354838,,,,,
2016-05-01,5,2016,Trans Mountain Pipeline ULC,Trans Mountain pipeline,Sumas,49.0766,-122.203,south,export,domestic heavy,0.770316129032258,,,,,
2016-05-01,5,2016,Trans Mountain Pipeline ULC,Trans Mountain pipeline,Sumas,49.0766,-122.203,south,export,domestic light,33.7368741935483,,,,,
2016-05-01,5,2016,Trans Mountain Pipeline ULC,Trans Mountain pipeline,Sumas,49.0766,-122.203,south,export,refined petroleum products,0.0,,,,,
2016-05-01,5,2016,Trans Mountain Pipeline ULC,Trans Mountain pipeline,Westridge,49.2908,-122.95,west,export,domestic heavy,3.55435483870967,,,,,
2016-05-01,5,2016,Trans Mountain Pipeline ULC,Trans Mountain pipeline,Westridge,49.2908,-122.95,west,export,domestic light,0.0,,,,,
2016-05-01,5,2016,Trans Mountain Pipeline ULC,Trans Mountain pipeline,Westridge,49.2908,-122.95,west,export,refined petroleum products,0.0,,,,,
2016-05-01,5,2016,Trans Mountain Pipeline ULC,Trans Mountain pipeline,system,,,,,,,,,,51.0,Heavy percentage
2016-06-01,6,2016,Trans Mountain Pipeline ULC,Trans Mountain pipeline,Burnaby,49.2685,-122.931,west,intracanada,domestic heavy,0.0,,,,,
2016-06-01,6,2016,Trans Mountain Pipeline ULC,Trans Mountain pipeline,Burnaby,49.2685,-122.931,west,intracanada,domestic light,5.53955333333333,,,,,
2016-06-01,6,2016,Trans Mountain Pipeline ULC,Trans Mountain pipeline,Burnaby,49.2685,-122.931,west,intracanada,refined petroleum products,2.76113666666666,,,,,
2016-06-01,6,2016,Trans Mountain Pipeline ULC,Trans Mountain pipeline,Sumas,49.0766,-122.203,south,export,domestic heavy,0.925193333333333,,,,,
2016-06-01,6,2016,Trans Mountain Pipeline ULC,Trans Mountain pipeline,Sumas,49.0766,-122.203,south,export,domestic light,35.4406766666666,,,,,
2016-06-01,6,2016,Trans Mountain Pipeline ULC,Trans Mountain pipeline,Sumas,49.0766,-122.203,south,export,refined petroleum products,0.0,,,,,
2016-06-01,6,2016,Trans Mountain Pipeline ULC,Trans Mountain pipeline,Westridge,49.2908,-122.95,west,export,domestic heavy,1.55869,,,,,
2016-06-01,6,2016,Trans Mountain Pipeline ULC,Trans Mountain pipeline,Westridge,49.2908,-122.95,west,export,domestic light,0.0,,,,,
2016-06-01,6,2016,Trans Mountain Pipeline ULC,Trans Mountain pipeline,Westridge,49.2908,-122.95,west,export,refined petroleum products,0.0,,,,,
2016-06-01,6,2016,Trans Mountain Pipeline ULC,Trans Mountain pipeline,system,,,,,,,,,,51.0,Heavy percentage
2016-07-01,7,2016,Trans Mountain Pipeline ULC,Trans Mountain pipeline,Burnaby,49.2685,-122.931,west,intracanada,domestic heavy,0.0,,,,,
2016-07-01,7,2016,Trans Mountain Pipeline ULC,Trans Mountain pipeline,Burnaby,49.2685,-122.931,west,intracanada,domestic light,8.80653870967741,,,,,
2016-07-01,7,2016,Trans Mountain Pipeline ULC,Trans Mountain pipeline,Burnaby,49.2685,-122.931,west,intracanada,refined petroleum products,10.4462870967741,,,,,
2016-07-01,7,2016,Trans Mountain Pipeline ULC,Trans Mountain pipeline,Sumas,49.0766,-122.203,south,export,domestic heavy,0.0,,,,,
2016-07-01,7,2016,Trans Mountain Pipeline ULC,Trans Mountain pipeline,Sumas,49.0766,-122.203,south,export,domestic light,32.7035612903225,,,,,
2016-07-01,7,2016,Trans Mountain Pipeline ULC,Trans Mountain pipeline,Sumas,49.0766,-122.203,south,export,refined petroleum products,0.0,,,,,
2016-07-01,7,2016,Trans Mountain Pipeline ULC,Trans Mountain pipeline,Westridge,49.2908,-122.95,west,export,domestic heavy,2.72080322580645,,,,,
2016-07-01,7,2016,Trans Mountain Pipeline ULC,Trans Mountain pipeline,Westridge,49.2908,-122.95,west,export,domestic light,0.0,,,,,
2016-07-01,7,2016,Trans Mountain Pipeline ULC,Trans Mountain pipeline,Westridge,49.2908,-122.95,west,export,refined petroleum products,0.0,,,,,
2016-07-01,7,2016,Trans Mountain Pipeline ULC,Trans Mountain pipeline,system,,,,,,,,,,53.0,Heavy percentage
2016-08-01,8,2016,Trans Mountain Pipeline ULC,Trans Mountain pipeline,Burnaby,49.2685,-122.931,west,intracanada,domestic heavy,0.0,,,,,
2016-08-01,8,2016,Trans Mountain Pipeline ULC,Trans Mountain pipeline,Burnaby,49.2685,-122.931,west,intracanada,domestic light,8.42488064516129,,,,,
2016-08-01,8,2016,Trans Mountain Pipeline ULC,Trans Mountain pipeline,Burnaby,49.2685,-122.931,west,intracanada,refined petroleum products,10.4303387096774,,,,,
2016-08-01,8,2016,Trans Mountain Pipeline ULC,Trans Mountain pipeline,Sumas,49.0766,-122.203,south,export,domestic heavy,0.0,,,,,
2016-08-01,8,2016,Trans Mountain Pipeline ULC,Trans Mountain pipeline,Sumas,49.0766,-122.203,south,export,domestic light,31.8783129032258,,,,,
2016-08-01,8,2016,Trans Mountain Pipeline ULC,Trans Mountain pipeline,Sumas,49.0766,-122.203,south,export,refined petroleum products,0.0,,,,,
2016-08-01,8,2016,Trans Mountain Pipeline ULC,Trans Mountain pipeline,Westridge,49.2908,-122.95,west,export,domestic heavy,2.77346129032258,,,,,
2016-08-01,8,2016,Trans Mountain Pipeline ULC,Trans Mountain pipeline,Westridge,49.2908,-122.95,west,export,domestic light,0.0,,,,,
2016-08-01,8,2016,Trans Mountain Pipeline ULC,Trans Mountain pipeline,Westridge,49.2908,-122.95,west,export,refined petroleum products,0.0,,,,,
2016-08-01,8,2016,Trans Mountain Pipeline ULC,Trans Mountain pipeline,system,,,,,,,,,,50.0,Heavy percentage; maintenance
2016-09-01,9,2016,Trans Mountain Pipeline ULC,Trans Mountain pipeline,Burnaby,49.2685,-122.931,west,intracanada,domestic heavy,0.0,,,,,
2016-09-01,9,2016,Trans Mountain Pipeline ULC,Trans Mountain pipeline,Burnaby,49.2685,-122.931,west,intracanada,domestic light,8.56757666666666,,,,,
2016-09-01,9,2016,Trans Mountain Pipeline ULC,Trans Mountain pipeline,Burnaby,49.2685,-122.931,west,intracanada,refined petroleum products,8.89839333333333,,,,,
2016-09-01,9,2016,Trans Mountain Pipeline ULC,Trans Mountain pipeline,Sumas,49.0766,-122.203,south,export,domestic heavy,1.08146666666666,,,,,
2016-09-01,9,2016,Trans Mountain Pipeline ULC,Trans Mountain pipeline,Sumas,49.0766,-122.203,south,export,domestic light,31.2086633333333,,,,,
2016-09-01,9,2016,Trans Mountain Pipeline ULC,Trans Mountain pipeline,Sumas,49.0766,-122.203,south,export,refined petroleum products,0.0,,,,,
2016-09-01,9,2016,Trans Mountain Pipeline ULC,Trans Mountain pipeline,Westridge,49.2908,-122.95,west,export,domestic heavy,1.26711,,,,,
2016-09-01,9,2016,Trans Mountain Pipeline ULC,Trans Mountain pipeline,Westridge,49.2908,-122.95,west,export,domestic light,0.0,,,,,
2016-09-01,9,2016,Trans Mountain Pipeline ULC,Trans Mountain pipeline,Westridge,49.2908,-122.95,west,export,refined petroleum products,0.0,,,,,
2016-09-01,9,2016,Trans Mountain Pipeline ULC,Trans Mountain pipeline,system,,,,,,,,,,54.0,Heavy percentage
2016-10-01,10,2016,Trans Mountain Pipeline ULC,Trans Mountain pipeline,Burnaby,49.2685,-122.931,west,intracanada,domestic heavy,0.0,,,,,
2016-10-01,10,2016,Trans Mountain Pipeline ULC,Trans Mountain pipeline,Burnaby,49.2685,-122.931,west,intracanada,domestic light,8.50757419354838,,,,,
2016-10-01,10,2016,Trans Mountain Pipeline ULC,Trans Mountain pipeline,Burnaby,49.2685,-122.931,west,intracanada,refined petroleum products,7.89754193548387,,,,,
2016-10-01,10,2016,Trans Mountain Pipeline ULC,Trans Mountain pipeline,Sumas,49.0766,-122.203,south,export,domestic heavy,0.0,,,,,
2016-10-01,10,2016,Trans Mountain Pipeline ULC,Trans Mountain pipeline,Sumas,49.0766,-122.203,south,export,domestic light,23.1803870967741,,,,,
2016-10-01,10,2016,Trans Mountain Pipeline ULC,Trans Mountain pipeline,Sumas,49.0766,-122.203,south,export,refined petroleum products,0.0,,,,,
2016-10-01,10,2016,Trans Mountain Pipeline ULC,Trans Mountain pipeline,Westridge,49.2908,-122.95,west,export,domestic heavy,4.84804516129032,,,,,
2016-10-01,10,2016,Trans Mountain Pipeline ULC,Trans Mountain pipeline,Westridge,49.2908,-122.95,west,export,domestic light,0.0,,,,,
2016-10-01,10,2016,Trans Mountain Pipeline ULC,Trans Mountain pipeline,Westridge,49.2908,-122.95,west,export,refined petroleum products,0.0,,,,,
2016-10-01,10,2016,Trans Mountain Pipeline ULC,Trans Mountain pipeline,system,,,,,,,,,,45.0,Maintenance
2016-11-01,11,2016,Trans Mountain Pipeline ULC,Trans Mountain pipeline,Burnaby,49.2685,-122.931,west,intracanada,domestic heavy,0.0,,,,,
2016-11-01,11,2016,Trans Mountain Pipeline ULC,Trans Mountain pipeline,Burnaby,49.2685,-122.931,west,intracanada,domestic light,8.36446666666666,,,,,
2016-11-01,11,2016,Trans Mountain Pipeline ULC,Trans Mountain pipeline,Burnaby,49.2685,-122.931,west,intracanada,refined petroleum products,8.22215,,,,,
2016-11-01,11,2016,Trans Mountain Pipeline ULC,Trans Mountain pipeline,Sumas,49.0766,-122.203,south,export,domestic heavy,0.0,,,,,
2016-11-01,11,2016,Trans Mountain Pipeline ULC,Trans Mountain pipeline,Sumas,49.0766,-122.203,south,export,domestic light,28.13886,,,,,
2016-11-01,11,2016,Trans Mountain Pipeline ULC,Trans Mountain pipeline,Sumas,49.0766,-122.203,south,export,refined petroleum products,0.0,,,,,
2016-11-01,11,2016,Trans Mountain Pipeline ULC,Trans Mountain pipeline,Westridge,49.2908,-122.95,west,export,domestic heavy,5.72501666666666,,,,,
2016-11-01,11,2016,Trans Mountain Pipeline ULC,Trans Mountain pipeline,Westridge,49.2908,-122.95,west,export,domestic light,0.0,,,,,
2016-11-01,11,2016,Trans Mountain Pipeline ULC,Trans Mountain pipeline,Westridge,49.2908,-122.95,west,export,refined petroleum products,0.0,,,,,
2016-11-01,11,2016,Trans Mountain Pipeline ULC,Trans Mountain pipeline,system,,,,,,,,,,48.0,Heavy percentage; carry over
2016-12-01,12,2016,Trans Mountain Pipeline ULC,Trans Mountain pipeline,Burnaby,49.2685,-122.931,west,intracanada,domestic heavy,0.0,,,,,
2016-12-01,12,2016,Trans Mountain Pipeline ULC,Trans Mountain pipeline,Burnaby,49.2685,-122.931,west,intracanada,domestic light,8.31063225806451,,,,,
2016-12-01,12,2016,Trans Mountain Pipeline ULC,Trans Mountain pipeline,Burnaby,49.2685,-122.931,west,intracanada,refined petroleum products,8.7054193548387,,,,,
2016-12-01,12,2016,Trans Mountain Pipeline ULC,Trans Mountain pipeline,Sumas,49.0766,-122.203,south,export,domestic heavy,0.366464516129032,,,,,
2016-12-01,12,2016,Trans Mountain Pipeline ULC,Trans Mountain pipeline,Sumas,49.0766,-122.203,south,export,domestic light,23.7321129032258,,,,,
2016-12-01,12,2016,Trans Mountain Pipeline ULC,Trans Mountain pipeline,Sumas,49.0766,-122.203,south,export,refined petroleum products,0.0,,,,,
2016-12-01,12,2016,Trans Mountain Pipeline ULC,Trans Mountain pipeline,Westridge,49.2908,-122.95,west,export,domestic heavy,4.86174838709677,,,,,
2016-12-01,12,2016,Trans Mountain Pipeline ULC,Trans Mountain pipeline,Westridge,49.2908,-122.95,west,export,domestic light,0.0,,,,,
2016-12-01,12,2016,Trans Mountain Pipeline ULC,Trans Mountain pipeline,Westridge,49.2908,-122.95,west,export,refined petroleum products,0.0,,,,,
2016-12-01,12,2016,Trans Mountain Pipeline ULC,Trans Mountain pipeline,system,,,,,,,,,,46.0,Heavy percentage; maintenance
2017-01-01,1,2017,Trans Mountain Pipeline ULC,Trans Mountain pipeline,Burnaby,49.2685,-122.931,west,intracanada,domestic heavy,0.0,,,,,
2017-01-01,1,2017,Trans Mountain Pipeline ULC,Trans Mountain pipeline,Burnaby,49.2685,-122.931,west,intracanada,domestic light,8.61225806451612,,,,,
2017-01-01,1,2017,Trans Mountain Pipeline ULC,Trans Mountain pipeline,Burnaby,49.2685,-122.931,west,intracanada,refined petroleum products,12.2295,,,,,
2017-01-01,1,2017,Trans Mountain Pipeline ULC,Trans Mountain pipeline,Sumas,49.0766,-122.203,south,export,domestic heavy,0.0,,,,,
2017-01-01,1,2017,Trans Mountain Pipeline ULC,Trans Mountain pipeline,Sumas,49.0766,-122.203,south,export,domestic light,24.2656838709677,,,,,
2017-01-01,1,2017,Trans Mountain Pipeline ULC,Trans Mountain pipeline,Sumas,49.0766,-122.203,south,export,refined petroleum products,0.0,,,,,
2017-01-01,1,2017,Trans Mountain Pipeline ULC,Trans Mountain pipeline,Westridge,49.2908,-122.95,west,export,domestic heavy,2.22325483870967,,,,,
2017-01-01,1,2017,Trans Mountain Pipeline ULC,Trans Mountain pipeline,Westridge,49.2908,-122.95,west,export,domestic light,0.849396774193548,,,,,
2017-01-01,1,2017,Trans Mountain Pipeline ULC,Trans Mountain pipeline,Westridge,49.2908,-122.95,west,export,refined petroleum products,0.0,,,,,
2017-01-01,1,2017,Trans Mountain Pipeline ULC,Trans Mountain pipeline,system,,,,,,,,,,48.0,Heavy percentage; maintenance
2017-02-01,2,2017,Trans Mountain Pipeline ULC,Trans Mountain pipeline,Burnaby,49.2685,-122.931,west,intracanada,domestic heavy,0.0,,,,,
2017-02-01,2,2017,Trans Mountain Pipeline ULC,Trans Mountain pipeline,Burnaby,49.2685,-122.931,west,intracanada,domestic light,8.18061071428571,,,,,
2017-02-01,2,2017,Trans Mountain Pipeline ULC,Trans Mountain pipeline,Burnaby,49.2685,-122.931,west,intracanada,refined petroleum products,8.47605357142857,,,,,
2017-02-01,2,2017,Trans Mountain Pipeline ULC,Trans Mountain pipeline,Sumas,49.0766,-122.203,south,export,domestic heavy,0.0,,,,,
2017-02-01,2,2017,Trans Mountain Pipeline ULC,Trans Mountain pipeline,Sumas,49.0766,-122.203,south,export,domestic light,25.6307428571428,,,,,
2017-02-01,2,2017,Trans Mountain Pipeline ULC,Trans Mountain pipeline,Sumas,49.0766,-122.203,south,export,refined petroleum products,0.0,,,,,
2017-02-01,2,2017,Trans Mountain Pipeline ULC,Trans Mountain pipeline,Westridge,49.2908,-122.95,west,export,domestic heavy,8.76100714285714,,,,,
2017-02-01,2,2017,Trans Mountain Pipeline ULC,Trans Mountain pipeline,Westridge,49.2908,-122.95,west,export,domestic light,0.481528571428571,,,,,
2017-02-01,2,2017,Trans Mountain Pipeline ULC,Trans Mountain pipeline,Westridge,49.2908,-122.95,west,export,refined petroleum products,0.0,,,,,
2017-02-01,2,2017,Trans Mountain Pipeline ULC,Trans Mountain pipeline,system,,,,,,,,,,52.0,Heavy percentage
2017-03-01,3,2017,Trans Mountain Pipeline ULC,Trans Mountain pipeline,Burnaby,49.2685,-122.931,west,intracanada,domestic heavy,0.0,,,,,
2017-03-01,3,2017,Trans Mountain Pipeline ULC,Trans Mountain pipeline,Burnaby,49.2685,-122.931,west,intracanada,domestic light,9.20966451612903,,,,,
2017-03-01,3,2017,Trans Mountain Pipeline ULC,Trans Mountain pipeline,Burnaby,49.2685,-122.931,west,intracanada,refined petroleum products,9.26457096774193,,,,,
2017-03-01,3,2017,Trans Mountain Pipeline ULC,Trans Mountain pipeline,Sumas,49.0766,-122.203,south,export,domestic heavy,0.717445161290322,,,,,
2017-03-01,3,2017,Trans Mountain Pipeline ULC,Trans Mountain pipeline,Sumas,49.0766,-122.203,south,export,domestic light,24.3837612903225,,,,,
2017-03-01,3,2017,Trans Mountain Pipeline ULC,Trans Mountain pipeline,Sumas,49.0766,-122.203,south,export,refined petroleum products,0.0,,,,,
2017-03-01,3,2017,Trans Mountain Pipeline ULC,Trans Mountain pipeline,Westridge,49.2908,-122.95,west,export,domestic heavy,2.95632903225806,,,,,
2017-03-01,3,2017,Trans Mountain Pipeline ULC,Trans Mountain pipeline,Westridge,49.2908,-122.95,west,export,domestic light,0.331003225806451,,,,,
2017-03-01,3,2017,Trans Mountain Pipeline ULC,Trans Mountain pipeline,Westridge,49.2908,-122.95,west,export,refined petroleum products,0.0,,,,,
2017-03-01,3,2017,Trans Mountain Pipeline ULC,Trans Mountain pipeline,system,,,,,,,,,,47.0,Heavy percentage; carry over
2017-04-01,4,2017,Trans Mountain Pipeline ULC,Trans Mountain pipeline,Burnaby,49.2685,-122.931,west,intracanada,domestic heavy,0.0,,,,,
2017-04-01,4,2017,Trans Mountain Pipeline ULC,Trans Mountain pipeline,Burnaby,49.2685,-122.931,west,intracanada,domestic light,8.83012,,,,,
2017-04-01,4,2017,Trans Mountain Pipeline ULC,Trans Mountain pipeline,Burnaby,49.2685,-122.931,west,intracanada,refined petroleum products,8.77313333333333,,,,,
2017-04-01,4,2017,Trans Mountain Pipeline ULC,Trans Mountain pipeline,Sumas,49.0766,-122.203,south,export,domestic heavy,0.0,,,,,
2017-04-01,4,2017,Trans Mountain Pipeline ULC,Trans Mountain pipeline,Sumas,49.0766,-122.203,south,export,domestic light,25.7440833333333,,,,,
2017-04-01,4,2017,Trans Mountain Pipeline ULC,Trans Mountain pipeline,Sumas,49.0766,-122.203,south,export,refined petroleum products,0.0,,,,,
2017-04-01,4,2017,Trans Mountain Pipeline ULC,Trans Mountain pipeline,Westridge,49.2908,-122.95,west,export,domestic heavy,4.04686,,,,,
2017-04-01,4,2017,Trans Mountain Pipeline ULC,Trans Mountain pipeline,Westridge,49.2908,-122.95,west,export,domestic light,0.0,,,,,
2017-04-01,4,2017,Trans Mountain Pipeline ULC,Trans Mountain pipeline,Westridge,49.2908,-122.95,west,export,refined petroleum products,0.0,,,,,
2017-04-01,4,2017,Trans Mountain Pipeline ULC,Trans Mountain pipeline,system,,,,,,,,,,49.0,Heavy percentage
2017-05-01,5,2017,Trans Mountain Pipeline ULC,Trans Mountain pipeline,Burnaby,49.2685,-122.931,west,intracanada,domestic heavy,0.0,,,,,
2017-05-01,5,2017,Trans Mountain Pipeline ULC,Trans Mountain pipeline,Burnaby,49.2685,-122.931,west,intracanada,domestic light,9.29475483870967,,,,,
2017-05-01,5,2017,Trans Mountain Pipeline ULC,Trans Mountain pipeline,Burnaby,49.2685,-122.931,west,intracanada,refined petroleum products,7.29709354838709,,,,,
2017-05-01,5,2017,Trans Mountain Pipeline ULC,Trans Mountain pipeline,Sumas,49.0766,-122.203,south,export,domestic heavy,0.0,,,,,
2017-05-01,5,2017,Trans Mountain Pipeline ULC,Trans Mountain pipeline,Sumas,49.0766,-122.203,south,export,domestic light,28.6257129032258,,,,,
2017-05-01,5,2017,Trans Mountain Pipeline ULC,Trans Mountain pipeline,Sumas,49.0766,-122.203,south,export,refined petroleum products,0.0,,,,,
2017-05-01,5,2017,Trans Mountain Pipeline ULC,Trans Mountain pipeline,Westridge,49.2908,-122.95,west,export,domestic heavy,5.19411612903225,,,,,
2017-05-01,5,2017,Trans Mountain Pipeline ULC,Trans Mountain pipeline,Westridge,49.2908,-122.95,west,export,domestic light,0.0,,,,,
2017-05-01,5,2017,Trans Mountain Pipeline ULC,Trans Mountain pipeline,Westridge,49.2908,-122.95,west,export,refined petroleum products,0.0,,,,,
2017-05-01,5,2017,Trans Mountain Pipeline ULC,Trans Mountain pipeline,system,,,,,,,,,,52.0,Heavy percentage
2017-06-01,6,2017,Trans Mountain Pipeline ULC,Trans Mountain pipeline,Burnaby,49.2685,-122.931,west,intracanada,domestic heavy,0.0,,,,,
2017-06-01,6,2017,Trans Mountain Pipeline ULC,Trans Mountain pipeline,Burnaby,49.2685,-122.931,west,intracanada,domestic light,9.31900333333333,,,,,
2017-06-01,6,2017,Trans Mountain Pipeline ULC,Trans Mountain pipeline,Burnaby,49.2685,-122.931,west,intracanada,refined petroleum products,8.23138,,,,,
2017-06-01,6,2017,Trans Mountain Pipeline ULC,Trans Mountain pipeline,Sumas,49.0766,-122.203,south,export,domestic heavy,0.209056666666666,,,,,
2017-06-01,6,2017,Trans Mountain Pipeline ULC,Trans Mountain pipeline,Sumas,49.0766,-122.203,south,export,domestic light,25.6291733333333,,,,,
2017-06-01,6,2017,Trans Mountain Pipeline ULC,Trans Mountain pipeline,Sumas,49.0766,-122.203,south,export,refined petroleum products,0.0,,,,,
2017-06-01,6,2017,Trans Mountain Pipeline ULC,Trans Mountain pipeline,Westridge,49.2908,-122.95,west,export,domestic heavy,3.02496,,,,,
2017-06-01,6,2017,Trans Mountain Pipeline ULC,Trans Mountain pipeline,Westridge,49.2908,-122.95,west,export,domestic light,0.867396666666666,,,,,
2017-06-01,6,2017,Trans Mountain Pipeline ULC,Trans Mountain pipeline,Westridge,49.2908,-122.95,west,export,refined petroleum products,0.0,,,,,
2017-06-01,6,2017,Trans Mountain Pipeline ULC,Trans Mountain pipeline,system,,,,,,,,,,44.0,Maintenance
2017-07-01,7,2017,Trans Mountain Pipeline ULC,Trans Mountain pipeline,Burnaby,49.2685,-122.931,west,intracanada,domestic heavy,0.0,,,,,
2017-07-01,7,2017,Trans Mountain Pipeline ULC,Trans Mountain pipeline,Burnaby,49.2685,-122.931,west,intracanada,domestic light,9.19725161290322,,,,,
2017-07-01,7,2017,Trans Mountain Pipeline ULC,Trans Mountain pipeline,Burnaby,49.2685,-122.931,west,intracanada,refined petroleum products,10.2838322580645,,,,,
2017-07-01,7,2017,Trans Mountain Pipeline ULC,Trans Mountain pipeline,Sumas,49.0766,-122.203,south,export,domestic heavy,1.43987419354838,,,,,
2017-07-01,7,2017,Trans Mountain Pipeline ULC,Trans Mountain pipeline,Sumas,49.0766,-122.203,south,export,domestic light,24.7852161290322,,,,,
2017-07-01,7,2017,Trans Mountain Pipeline ULC,Trans Mountain pipeline,Sumas,49.0766,-122.203,south,export,refined petroleum products,0.0,,,,,
2017-07-01,7,2017,Trans Mountain Pipeline ULC,Trans Mountain pipeline,Westridge,49.2908,-122.95,west,export,domestic heavy,3.88903225806451,,,,,
2017-07-01,7,2017,Trans Mountain Pipeline ULC,Trans Mountain pipeline,Westridge,49.2908,-122.95,west,export,domestic light,0.0,,,,,
2017-07-01,7,2017,Trans Mountain Pipeline ULC,Trans Mountain pipeline,Westridge,49.2908,-122.95,west,export,refined petroleum products,0.0,,,,,
2017-07-01,7,2017,Trans Mountain Pipeline ULC,Trans Mountain pipeline,system,,,,,,,,,,52.0,Heavy percentage
2017-08-01,8,2017,Trans Mountain Pipeline ULC,Trans Mountain pipeline,Burnaby,49.2685,-122.931,west,intracanada,domestic heavy,0.0,,,,,
2017-08-01,8,2017,Trans Mountain Pipeline ULC,Trans Mountain pipeline,Burnaby,49.2685,-122.931,west,intracanada,domestic light,9.46509677419354,,,,,
2017-08-01,8,2017,Trans Mountain Pipeline ULC,Trans Mountain pipeline,Burnaby,49.2685,-122.931,west,intracanada,refined petroleum products,9.69605806451612,,,,,
2017-08-01,8,2017,Trans Mountain Pipeline ULC,Trans Mountain pipeline,Sumas,49.0766,-122.203,south,export,domestic heavy,0.0,,,,,
2017-08-01,8,2017,Trans Mountain Pipeline ULC,Trans Mountain pipeline,Sumas,49.0766,-122.203,south,export,domestic light,29.8461129032258,,,,,
2017-08-01,8,2017,Trans Mountain Pipeline ULC,Trans Mountain pipeline,Sumas,49.0766,-122.203,south,export,refined petroleum products,0.0,,,,,
2017-08-01,8,2017,Trans Mountain Pipeline ULC,Trans Mountain pipeline,Westridge,49.2908,-122.95,west,export,domestic heavy,2.23369032258064,,,,,
2017-08-01,8,2017,Trans Mountain Pipeline ULC,Trans Mountain pipeline,Westridge,49.2908,-122.95,west,export,domestic light,0.0,,,,,
2017-08-01,8,2017,Trans Mountain Pipeline ULC,Trans Mountain pipeline,Westridge,49.2908,-122.95,west,export,refined petroleum products,0.0,,,,,
2017-08-01,8,2017,Trans Mountain Pipeline ULC,Trans Mountain pipeline,system,,,,,,,,,,48.0,Heavy percentage; carry over
2017-09-01,9,2017,Trans Mountain Pipeline ULC,Trans Mountain pipeline,Burnaby,49.2685,-122.931,west,intracanada,domestic heavy,0.0,,,,,
2017-09-01,9,2017,Trans Mountain Pipeline ULC,Trans Mountain pipeline,Burnaby,49.2685,-122.931,west,intracanada,domestic light,9.12925,,,,,
2017-09-01,9,2017,Trans Mountain Pipeline ULC,Trans Mountain pipeline,Burnaby,49.2685,-122.931,west,intracanada,refined petroleum products,9.38769,,,,,
2017-09-01,9,2017,Trans Mountain Pipeline ULC,Trans Mountain pipeline,Sumas,49.0766,-122.203,south,export,domestic heavy,0.0,,,,,
2017-09-01,9,2017,Trans Mountain Pipeline ULC,Trans Mountain pipeline,Sumas,49.0766,-122.203,south,export,domestic light,27.1262466666666,,,,,
2017-09-01,9,2017,Trans Mountain Pipeline ULC,Trans Mountain pipeline,Sumas,49.0766,-122.203,south,export,refined petroleum products,0.0,,,,,
2017-09-01,9,2017,Trans Mountain Pipeline ULC,Trans Mountain pipeline,Westridge,49.2908,-122.95,west,export,domestic heavy,3.49502333333333,,,,,
2017-09-01,9,2017,Trans Mountain Pipeline ULC,Trans Mountain pipeline,Westridge,49.2908,-122.95,west,export,domestic light,1.97073333333333,,,,,
2017-09-01,9,2017,Trans Mountain Pipeline ULC,Trans Mountain pipeline,Westridge,49.2908,-122.95,west,export,refined petroleum products,0.0,,,,,
2017-09-01,9,2017,Trans Mountain Pipeline ULC,Trans Mountain pipeline,system,,,,,,,,,,55.0,Heavy percentage
2017-10-01,10,2017,Trans Mountain Pipeline ULC,Trans Mountain pipeline,Burnaby,49.2685,-122.931,west,intracanada,domestic heavy,0.0,,,,,
2017-10-01,10,2017,Trans Mountain Pipeline ULC,Trans Mountain pipeline,Burnaby,49.2685,-122.931,west,intracanada,domestic light,9.02537419354838,,,,,
2017-10-01,10,2017,Trans Mountain Pipeline ULC,Trans Mountain pipeline,Burnaby,49.2685,-122.931,west,intracanada,refined petroleum products,9.24704193548387,,,,,
2017-10-01,10,2017,Trans Mountain Pipeline ULC,Trans Mountain pipeline,Sumas,49.0766,-122.203,south,export,domestic heavy,0.0,,,,,
2017-10-01,10,2017,Trans Mountain Pipeline ULC,Trans Mountain pipeline,Sumas,49.0766,-122.203,south,export,domestic light,28.1880838709677,,,,,
2017-10-01,10,2017,Trans Mountain Pipeline ULC,Trans Mountain pipeline,Sumas,49.0766,-122.203,south,export,refined petroleum products,0.0,,,,,
2017-10-01,10,2017,Trans Mountain Pipeline ULC,Trans Mountain pipeline,Westridge,49.2908,-122.95,west,export,domestic heavy,1.2430064516129,,,,,
2017-10-01,10,2017,Trans Mountain Pipeline ULC,Trans Mountain pipeline,Westridge,49.2908,-122.95,west,export,domestic light,0.821567741935483,,,,,
2017-10-01,10,2017,Trans Mountain Pipeline ULC,Trans Mountain pipeline,Westridge,49.2908,-122.95,west,export,refined petroleum products,0.0,,,,,
2017-10-01,10,2017,Trans Mountain Pipeline ULC,Trans Mountain pipeline,system,,,,,,,,,,44.0,Heavy percentage; maintenance; carry over
2017-11-01,11,2017,Trans Mountain Pipeline ULC,Trans Mountain pipeline,Burnaby,49.2685,-122.931,west,intracanada,domestic heavy,0.0,,,,,
2017-11-01,11,2017,Trans Mountain Pipeline ULC,Trans Mountain pipeline,Burnaby,49.2685,-122.931,west,intracanada,domestic light,9.16563333333333,,,,,
2017-11-01,11,2017,Trans Mountain Pipeline ULC,Trans Mountain pipeline,Burnaby,49.2685,-122.931,west,intracanada,refined petroleum products,7.80895666666666,,,,,
2017-11-01,11,2017,Trans Mountain Pipeline ULC,Trans Mountain pipeline,Sumas,49.0766,-122.203,south,export,domestic heavy,0.0,,,,,
2017-11-01,11,2017,Trans Mountain Pipeline ULC,Trans Mountain pipeline,Sumas,49.0766,-122.203,south,export,domestic light,26.5443333333333,,,,,
2017-11-01,11,2017,Trans Mountain Pipeline ULC,Trans Mountain pipeline,Sumas,49.0766,-122.203,south,export,refined petroleum products,0.0,,,,,
2017-11-01,11,2017,Trans Mountain Pipeline ULC,Trans Mountain pipeline,Westridge,49.2908,-122.95,west,export,domestic heavy,3.98697666666666,,,,,
2017-11-01,11,2017,Trans Mountain Pipeline ULC,Trans Mountain pipeline,Westridge,49.2908,-122.95,west,export,domestic light,0.0,,,,,
2017-11-01,11,2017,Trans Mountain Pipeline ULC,Trans Mountain pipeline,Westridge,49.2908,-122.95,west,export,refined petroleum products,0.0,,,,,
2017-11-01,11,2017,Trans Mountain Pipeline ULC,Trans Mountain pipeline,system,,,,,,,,,,51.0,Heavy percentage
2017-12-01,12,2017,Trans Mountain Pipeline ULC,Trans Mountain pipeline,Burnaby,49.2685,-122.931,west,intracanada,domestic heavy,0.0,,,,,
2017-12-01,12,2017,Trans Mountain Pipeline ULC,Trans Mountain pipeline,Burnaby,49.2685,-122.931,west,intracanada,domestic light,8.34504838709677,,,,,
2017-12-01,12,2017,Trans Mountain Pipeline ULC,Trans Mountain pipeline,Burnaby,49.2685,-122.931,west,intracanada,refined petroleum products,7.67248709677419,,,,,
2017-12-01,12,2017,Trans Mountain Pipeline ULC,Trans Mountain pipeline,Sumas,49.0766,-122.203,south,export,domestic heavy,0.369383870967741,,,,,
2017-12-01,12,2017,Trans Mountain Pipeline ULC,Trans Mountain pipeline,Sumas,49.0766,-122.203,south,export,domestic light,23.8217419354838,,,,,
2017-12-01,12,2017,Trans Mountain Pipeline ULC,Trans Mountain pipeline,Sumas,49.0766,-122.203,south,export,refined petroleum products,0.0,,,,,
2017-12-01,12,2017,Trans Mountain Pipeline ULC,Trans Mountain pipeline,Westridge,49.2908,-122.95,west,export,domestic heavy,8.28550967741935,,,,,
2017-12-01,12,2017,Trans Mountain Pipeline ULC,Trans Mountain pipeline,Westridge,49.2908,-122.95,west,export,domestic light,0.0,,,,,
2017-12-01,12,2017,Trans Mountain Pipeline ULC,Trans Mountain pipeline,Westridge,49.2908,-122.95,west,export,refined petroleum products,0.0,,,,,
2017-12-01,12,2017,Trans Mountain Pipeline ULC,Trans Mountain pipeline,system,,,,,,,,,,49.0,Heavy percentage
2018-01-01,1,2018,Trans Mountain Pipeline ULC,Trans Mountain pipeline,Burnaby,49.2685,-122.931,west,intracanada,domestic heavy,0.0,,,,,
2018-01-01,1,2018,Trans Mountain Pipeline ULC,Trans Mountain pipeline,Burnaby,49.2685,-122.931,west,intracanada,domestic light,8.68308064516129,,,,,
2018-01-01,1,2018,Trans Mountain Pipeline ULC,Trans Mountain pipeline,Burnaby,49.2685,-122.931,west,intracanada,refined petroleum products,8.04415806451612,,,,,
2018-01-01,1,2018,Trans Mountain Pipeline ULC,Trans Mountain pipeline,Sumas,49.0766,-122.203,south,export,domestic heavy,2.70687419354838,,,,,
2018-01-01,1,2018,Trans Mountain Pipeline ULC,Trans Mountain pipeline,Sumas,49.0766,-122.203,south,export,domestic light,20.9291354838709,,,,,
2018-01-01,1,2018,Trans Mountain Pipeline ULC,Trans Mountain pipeline,Sumas,49.0766,-122.203,south,export,refined petroleum products,0.0,,,,,
2018-01-01,1,2018,Trans Mountain Pipeline ULC,Trans Mountain pipeline,Westridge,49.2908,-122.95,west,export,domestic heavy,6.78708064516129,,,,,
2018-01-01,1,2018,Trans Mountain Pipeline ULC,Trans Mountain pipeline,Westridge,49.2908,-122.95,west,export,domestic light,0.0,,,,,
2018-01-01,1,2018,Trans Mountain Pipeline ULC,Trans Mountain pipeline,Westridge,49.2908,-122.95,west,export,refined petroleum products,0.0,,,,,
2018-01-01,1,2018,Trans Mountain Pipeline ULC,Trans Mountain pipeline,system,,,,,,,,,,42.0,Heavy percentage; carry over
2018-02-01,2,2018,Trans Mountain Pipeline ULC,Trans Mountain pipeline,Burnaby,49.2685,-122.931,west,intracanada,domestic heavy,0.0,,,,,
2018-02-01,2,2018,Trans Mountain Pipeline ULC,Trans Mountain pipeline,Burnaby,49.2685,-122.931,west,intracanada,domestic light,0.508996428571428,,,,,
2018-02-01,2,2018,Trans Mountain Pipeline ULC,Trans Mountain pipeline,Burnaby,49.2685,-122.931,west,intracanada,refined petroleum products,6.76943214285714,,,,,
2018-02-01,2,2018,Trans Mountain Pipeline ULC,Trans Mountain pipeline,Sumas,49.0766,-122.203,south,export,domestic heavy,2.14976428571428,,,,,
2018-02-01,2,2018,Trans Mountain Pipeline ULC,Trans Mountain pipeline,Sumas,49.0766,-122.203,south,export,domestic light,23.4791892857142,,,,,
2018-02-01,2,2018,Trans Mountain Pipeline ULC,Trans Mountain pipeline,Sumas,49.0766,-122.203,south,export,refined petroleum products,0.0,,,,,
2018-02-01,2,2018,Trans Mountain Pipeline ULC,Trans Mountain pipeline,Westridge,49.2908,-122.95,west,export,domestic heavy,11.7074035714285,,,,,
2018-02-01,2,2018,Trans Mountain Pipeline ULC,Trans Mountain pipeline,Westridge,49.2908,-122.95,west,export,domestic light,0.0,,,,,
2018-02-01,2,2018,Trans Mountain Pipeline ULC,Trans Mountain pipeline,Westridge,49.2908,-122.95,west,export,refined petroleum products,0.0,,,,,
2018-02-01,2,2018,Trans Mountain Pipeline ULC,Trans Mountain pipeline,system,,,,,,,,,,49.0,Heavy percentage
2018-03-01,3,2018,Trans Mountain Pipeline ULC,Trans Mountain pipeline,Burnaby,49.2685,-122.931,west,intracanada,domestic heavy,0.0,,,,,
2018-03-01,3,2018,Trans Mountain Pipeline ULC,Trans Mountain pipeline,Burnaby,49.2685,-122.931,west,intracanada,domestic light,0.0128290322580645,,,,,
2018-03-01,3,2018,Trans Mountain Pipeline ULC,Trans Mountain pipeline,Burnaby,49.2685,-122.931,west,intracanada,refined petroleum products,7.19766774193548,,,,,
2018-03-01,3,2018,Trans Mountain Pipeline ULC,Trans Mountain pipeline,Sumas,49.0766,-122.203,south,export,domestic heavy,0.0,,,,,
2018-03-01,3,2018,Trans Mountain Pipeline ULC,Trans Mountain pipeline,Sumas,49.0766,-122.203,south,export,domestic light,28.8036,,,,,
2018-03-01,3,2018,Trans Mountain Pipeline ULC,Trans Mountain pipeline,Sumas,49.0766,-122.203,south,export,refined petroleum products,0.0,,,,,
2018-03-01,3,2018,Trans Mountain Pipeline ULC,Trans Mountain pipeline,Westridge,49.2908,-122.95,west,export,domestic heavy,9.69064193548387,,,,,
2018-03-01,3,2018,Trans Mountain Pipeline ULC,Trans Mountain pipeline,Westridge,49.2908,-122.95,west,export,domestic light,0.0,,,,,
2018-03-01,3,2018,Trans Mountain Pipeline ULC,Trans Mountain pipeline,Westridge,49.2908,-122.95,west,export,refined petroleum products,0.0,,,,,
2018-03-01,3,2018,Trans Mountain Pipeline ULC,Trans Mountain pipeline,system,,,,,,,,,,46.0,Heavy percentage
2018-04-01,4,2018,Trans Mountain Pipeline ULC,Trans Mountain pipeline,Burnaby,49.2685,-122.931,west,intracanada,domestic heavy,0.0,,,,,
2018-04-01,4,2018,Trans Mountain Pipeline ULC,Trans Mountain pipeline,Burnaby,49.2685,-122.931,west,intracanada,domestic light,6.30422333333333,,,,,
2018-04-01,4,2018,Trans Mountain Pipeline ULC,Trans Mountain pipeline,Burnaby,49.2685,-122.931,west,intracanada,refined petroleum products,2.55636,,,,,
2018-04-01,4,2018,Trans Mountain Pipeline ULC,Trans Mountain pipeline,Sumas,49.0766,-122.203,south,export,domestic heavy,0.0,,,,,
2018-04-01,4,2018,Trans Mountain Pipeline ULC,Trans Mountain pipeline,Sumas,49.0766,-122.203,south,export,domestic light,24.17391,,,,,
2018-04-01,4,2018,Trans Mountain Pipeline ULC,Trans Mountain pipeline,Sumas,49.0766,-122.203,south,export,refined petroleum products,0.0,,,,,
2018-04-01,4,2018,Trans Mountain Pipeline ULC,Trans Mountain pipeline,Westridge,49.2908,-122.95,west,export,domestic heavy,13.48468,,,,,
2018-04-01,4,2018,Trans Mountain Pipeline ULC,Trans Mountain pipeline,Westridge,49.2908,-122.95,west,export,domestic light,0.0,,,,,
2018-04-01,4,2018,Trans Mountain Pipeline ULC,Trans Mountain pipeline,Westridge,49.2908,-122.95,west,export,refined petroleum products,0.0,,,,,
2018-04-01,4,2018,Trans Mountain Pipeline ULC,Trans Mountain pipeline,system,,,,,,,,,,47.0,Heavy percentage
2018-05-01,5,2018,Trans Mountain Pipeline ULC,Trans Mountain pipeline,Burnaby,49.2685,-122.931,west,intracanada,domestic heavy,0.0,,,,,
2018-05-01,5,2018,Trans Mountain Pipeline ULC,Trans Mountain pipeline,Burnaby,49.2685,-122.931,west,intracanada,domestic light,7.78112258064516,,,,,
2018-05-01,5,2018,Trans Mountain Pipeline ULC,Trans Mountain pipeline,Burnaby,49.2685,-122.931,west,intracanada,refined petroleum products,1.44392580645161,,,,,
2018-05-01,5,2018,Trans Mountain Pipeline ULC,Trans Mountain pipeline,Sumas,49.0766,-122.203,south,export,domestic heavy,0.0,,,,,
2018-05-01,5,2018,Trans Mountain Pipeline ULC,Trans Mountain pipeline,Sumas,49.0766,-122.203,south,export,domestic light,25.3459161290322,,,,,
2018-05-01,5,2018,Trans Mountain Pipeline ULC,Trans Mountain pipeline,Sumas,49.0766,-122.203,south,export,refined petroleum products,0.0,,,,,
2018-05-01,5,2018,Trans Mountain Pipeline ULC,Trans Mountain pipeline,Westridge,49.2908,-122.95,west,export,domestic heavy,12.3677451612903,,,,,
2018-05-01,5,2018,Trans Mountain Pipeline ULC,Trans Mountain pipeline,Westridge,49.2908,-122.95,west,export,domestic light,0.4053,,,,,
2018-05-01,5,2018,Trans Mountain Pipeline ULC,Trans Mountain pipeline,Westridge,49.2908,-122.95,west,export,refined petroleum products,0.0,,,,,
2018-05-01,5,2018,Trans Mountain Pipeline ULC,Trans Mountain pipeline,system,,,,,,,,,,49.0,Heavy percentage; carry over
2018-06-01,6,2018,Trans Mountain Pipeline ULC,Trans Mountain pipeline,Burnaby,49.2685,-122.931,west,intracanada,domestic heavy,0.0,,,,,
2018-06-01,6,2018,Trans Mountain Pipeline ULC,Trans Mountain pipeline,Burnaby,49.2685,-122.931,west,intracanada,domestic light,7.85216666666666,,,,,
2018-06-01,6,2018,Trans Mountain Pipeline ULC,Trans Mountain pipeline,Burnaby,49.2685,-122.931,west,intracanada,refined petroleum products,4.0415,,,,,
2018-06-01,6,2018,Trans Mountain Pipeline ULC,Trans Mountain pipeline,Sumas,49.0766,-122.203,south,export,domestic heavy,0.0,,,,,
2018-06-01,6,2018,Trans Mountain Pipeline ULC,Trans Mountain pipeline,Sumas,49.0766,-122.203,south,export,domestic light,28.2983333333333,,,,,
2018-06-01,6,2018,Trans Mountain Pipeline ULC,Trans Mountain pipeline,Sumas,49.0766,-122.203,south,export,refined petroleum products,0.0,,,,,
2018-06-01,6,2018,Trans Mountain Pipeline ULC,Trans Mountain pipeline,Westridge,49.2908,-122.95,west,export,domestic heavy,1.76803,,,,,
2018-06-01,6,2018,Trans Mountain Pipeline ULC,Trans Mountain pipeline,Westridge,49.2908,-122.95,west,export,domestic light,3.70624666666666,,,,,
2018-06-01,6,2018,Trans Mountain Pipeline ULC,Trans Mountain pipeline,Westridge,49.2908,-122.95,west,export,refined petroleum products,0.0,,,,,
2018-06-01,6,2018,Trans Mountain Pipeline ULC,Trans Mountain pipeline,system,,,,,,,,,,46.0,Carry over; maintenance
2018-07-01,7,2018,Trans Mountain Pipeline ULC,Trans Mountain pipeline,Burnaby,49.2685,-122.931,west,intracanada,domestic heavy,0.0,,,,,
2018-07-01,7,2018,Trans Mountain Pipeline ULC,Trans Mountain pipeline,Burnaby,49.2685,-122.931,west,intracanada,domestic light,7.88606129032258,,,,,
2018-07-01,7,2018,Trans Mountain Pipeline ULC,Trans Mountain pipeline,Burnaby,49.2685,-122.931,west,intracanada,refined petroleum products,5.74996774193548,,,,,
2018-07-01,7,2018,Trans Mountain Pipeline ULC,Trans Mountain pipeline,Sumas,49.0766,-122.203,south,export,domestic heavy,0.0,,,,,
2018-07-01,7,2018,Trans Mountain Pipeline ULC,Trans Mountain pipeline,Sumas,49.0766,-122.203,south,export,domestic light,22.8281677419354,,,,,
2018-07-01,7,2018,Trans Mountain Pipeline ULC,Trans Mountain pipeline,Sumas,49.0766,-122.203,south,export,refined petroleum products,0.0,,,,,
2018-07-01,7,2018,Trans Mountain Pipeline ULC,Trans Mountain pipeline,Westridge,49.2908,-122.95,west,export,domestic heavy,9.92289677419354,,,,,
2018-07-01,7,2018,Trans Mountain Pipeline ULC,Trans Mountain pipeline,Westridge,49.2908,-122.95,west,export,domestic light,0.820896774193548,,,,,
2018-07-01,7,2018,Trans Mountain Pipeline ULC,Trans Mountain pipeline,Westridge,49.2908,-122.95,west,export,refined petroleum products,0.0,,,,,
2018-07-01,7,2018,Trans Mountain Pipeline ULC,Trans Mountain pipeline,system,,,,,,,,,,46.0,Heavy percentage
2018-08-01,8,2018,Trans Mountain Pipeline ULC,Trans Mountain pipeline,Burnaby,49.2685,-122.931,west,intracanada,domestic heavy,0.0,,,,,
2018-08-01,8,2018,Trans Mountain Pipeline ULC,Trans Mountain pipeline,Burnaby,49.2685,-122.931,west,intracanada,domestic light,9.0524064516129,,,,,
2018-08-01,8,2018,Trans Mountain Pipeline ULC,Trans Mountain pipeline,Burnaby,49.2685,-122.931,west,intracanada,refined petroleum products,6.79246451612903,,,,,
2018-08-01,8,2018,Trans Mountain Pipeline ULC,Trans Mountain pipeline,Sumas,49.0766,-122.203,south,export,domestic heavy,0.0,,,,,
2018-08-01,8,2018,Trans Mountain Pipeline ULC,Trans Mountain pipeline,Sumas,49.0766,-122.203,south,export,domestic light,23.1222903225806,,,,,
2018-08-01,8,2018,Trans Mountain Pipeline ULC,Trans Mountain pipeline,Sumas,49.0766,-122.203,south,export,refined petroleum products,0.0,,,,,
2018-08-01,8,2018,Trans Mountain Pipeline ULC,Trans Mountain pipeline,Westridge,49.2908,-122.95,west,export,domestic heavy,6.68583548387096,,,,,
2018-08-01,8,2018,Trans Mountain Pipeline ULC,Trans Mountain pipeline,Westridge,49.2908,-122.95,west,export,domestic light,0.0,,,,,
2018-08-01,8,2018,Trans Mountain Pipeline ULC,Trans Mountain pipeline,Westridge,49.2908,-122.95,west,export,refined petroleum products,0.0,,,,,
2018-08-01,8,2018,Trans Mountain Pipeline ULC,Trans Mountain pipeline,system,,,,,,,,,,48.0,Heavy percentage; carry over
2018-09-01,9,2018,Trans Mountain Pipeline ULC,Trans Mountain pipeline,Burnaby,49.2685,-122.931,west,intracanada,domestic heavy,0.0,,,,,
2018-09-01,9,2018,Trans Mountain Pipeline ULC,Trans Mountain pipeline,Burnaby,49.2685,-122.931,west,intracanada,domestic light,7.72554333333333,,,,,
2018-09-01,9,2018,Trans Mountain Pipeline ULC,Trans Mountain pipeline,Burnaby,49.2685,-122.931,west,intracanada,refined petroleum products,5.38525,,,,,
2018-09-01,9,2018,Trans Mountain Pipeline ULC,Trans Mountain pipeline,Sumas,49.0766,-122.203,south,export,domestic heavy,0.0,,,,,
2018-09-01,9,2018,Trans Mountain Pipeline ULC,Trans Mountain pipeline,Sumas,49.0766,-122.203,south,export,domestic light,24.0478,,,,,
2018-09-01,9,2018,Trans Mountain Pipeline ULC,Trans Mountain pipeline,Sumas,49.0766,-122.203,south,export,refined petroleum products,0.0,,,,,
2018-09-01,9,2018,Trans Mountain Pipeline ULC,Trans Mountain pipeline,Westridge,49.2908,-122.95,west,export,domestic heavy,9.57782666666666,,,,,
2018-09-01,9,2018,Trans Mountain Pipeline ULC,Trans Mountain pipeline,Westridge,49.2908,-122.95,west,export,domestic light,0.0,,,,,
2018-09-01,9,2018,Trans Mountain Pipeline ULC,Trans Mountain pipeline,Westridge,49.2908,-122.95,west,export,refined petroleum products,0.0,,,,,
2018-09-01,9,2018,Trans Mountain Pipeline ULC,Trans Mountain pipeline,system,,,,,,,,,,43.0,Heavy percentage; carry over
2018-10-01,10,2018,Trans Mountain Pipeline ULC,Trans Mountain pipeline,Burnaby,49.2685,-122.931,west,intracanada,domestic heavy,0.0,,,,,
2018-10-01,10,2018,Trans Mountain Pipeline ULC,Trans Mountain pipeline,Burnaby,49.2685,-122.931,west,intracanada,domestic light,8.53372258064516,,,,,
2018-10-01,10,2018,Trans Mountain Pipeline ULC,Trans Mountain pipeline,Burnaby,49.2685,-122.931,west,intracanada,refined petroleum products,5.94010322580645,,,,,
2018-10-01,10,2018,Trans Mountain Pipeline ULC,Trans Mountain pipeline,Sumas,49.0766,-122.203,south,export,domestic heavy,0.292622580645161,,,,,
2018-10-01,10,2018,Trans Mountain Pipeline ULC,Trans Mountain pipeline,Sumas,49.0766,-122.203,south,export,domestic light,18.5512451612903,,,,,
2018-10-01,10,2018,Trans Mountain Pipeline ULC,Trans Mountain pipeline,Sumas,49.0766,-122.203,south,export,refined petroleum products,0.0,,,,,
2018-10-01,10,2018,Trans Mountain Pipeline ULC,Trans Mountain pipeline,Westridge,49.2908,-122.95,west,export,domestic heavy,8.32513225806451,,,,,
2018-10-01,10,2018,Trans Mountain Pipeline ULC,Trans Mountain pipeline,Westridge,49.2908,-122.95,west,export,domestic light,0.0,,,,,
2018-10-01,10,2018,Trans Mountain Pipeline ULC,Trans Mountain pipeline,Westridge,49.2908,-122.95,west,export,refined petroleum products,0.0,,,,,
2018-10-01,10,2018,Trans Mountain Pipeline ULC,Trans Mountain pipeline,system,,,,,,,,,,45.0,Heavy percentage; maintenance
2018-11-01,11,2018,Trans Mountain Pipeline ULC,Trans Mountain pipeline,Burnaby,49.2685,-122.931,west,intracanada,domestic heavy,0.0,,,,,
2018-11-01,11,2018,Trans Mountain Pipeline ULC,Trans Mountain pipeline,Burnaby,49.2685,-122.931,west,intracanada,domestic light,7.03002,,,,,
2018-11-01,11,2018,Trans Mountain Pipeline ULC,Trans Mountain pipeline,Burnaby,49.2685,-122.931,west,intracanada,refined petroleum products,4.73044333333333,,,,,
2018-11-01,11,2018,Trans Mountain Pipeline ULC,Trans Mountain pipeline,Sumas,49.0766,-122.203,south,export,domestic heavy,3.83652,,,,,
2018-11-01,11,2018,Trans Mountain Pipeline ULC,Trans Mountain pipeline,Sumas,49.0766,-122.203,south,export,domestic light,15.1672233333333,,,,,
2018-11-01,11,2018,Trans Mountain Pipeline ULC,Trans Mountain pipeline,Sumas,49.0766,-122.203,south,export,refined petroleum products,0.0,,,,,
2018-11-01,11,2018,Trans Mountain Pipeline ULC,Trans Mountain pipeline,Westridge,49.2908,-122.95,west,export,domestic heavy,11.88725,,,,,
2018-11-01,11,2018,Trans Mountain Pipeline ULC,Trans Mountain pipeline,Westridge,49.2908,-122.95,west,export,domestic light,0.0,,,,,
2018-11-01,11,2018,Trans Mountain Pipeline ULC,Trans Mountain pipeline,Westridge,49.2908,-122.95,west,export,refined petroleum products,0.0,,,,,
2018-11-01,11,2018,Trans Mountain Pipeline ULC,Trans Mountain pipeline,system,,,,,,,,,,40.0,Heavy percentage; maintenance
2018-12-01,12,2018,Trans Mountain Pipeline ULC,Trans Mountain pipeline,Burnaby,49.2685,-122.931,west,intracanada,domestic heavy,0.0,,,,,
2018-12-01,12,2018,Trans Mountain Pipeline ULC,Trans Mountain pipeline,Burnaby,49.2685,-122.931,west,intracanada,domestic light,6.43682258064516,,,,,
2018-12-01,12,2018,Trans Mountain Pipeline ULC,Trans Mountain pipeline,Burnaby,49.2685,-122.931,west,intracanada,refined petroleum products,7.24575161290322,,,,,
2018-12-01,12,2018,Trans Mountain Pipeline ULC,Trans Mountain pipeline,Sumas,49.0766,-122.203,south,export,domestic heavy,2.41075806451612,,,,,
2018-12-01,12,2018,Trans Mountain Pipeline ULC,Trans Mountain pipeline,Sumas,49.0766,-122.203,south,export,domestic light,24.0137967741935,,,,,
2018-12-01,12,2018,Trans Mountain Pipeline ULC,Trans Mountain pipeline,Sumas,49.0766,-122.203,south,export,refined petroleum products,0.0,,,,,
2018-12-01,12,2018,Trans Mountain Pipeline ULC,Trans Mountain pipeline,Westridge,49.2908,-122.95,west,export,domestic heavy,7.50905483870967,,,,,
2018-12-01,12,2018,Trans Mountain Pipeline ULC,Trans Mountain pipeline,Westridge,49.2908,-122.95,west,export,domestic light,0.0,,,,,
2018-12-01,12,2018,Trans Mountain Pipeline ULC,Trans Mountain pipeline,Westridge,49.2908,-122.95,west,export,refined petroleum products,0.0,,,,,
2018-12-01,12,2018,Trans Mountain Pipeline ULC,Trans Mountain pipeline,system,,,,,,,,,,50.0,Carry over
2019-01-01,1,2019,Trans Mountain Pipeline ULC,Trans Mountain pipeline,Burnaby,49.2685,-122.931,west,intracanada,domestic heavy,0.0,,,,,
2019-01-01,1,2019,Trans Mountain Pipeline ULC,Trans Mountain pipeline,Burnaby,49.2685,-122.931,west,intracanada,domestic light,7.96395483870967,,,,,
2019-01-01,1,2019,Trans Mountain Pipeline ULC,Trans Mountain pipeline,Burnaby,49.2685,-122.931,west,intracanada,refined petroleum products,8.1051,,,,,
2019-01-01,1,2019,Trans Mountain Pipeline ULC,Trans Mountain pipeline,Sumas,49.0766,-122.203,south,export,domestic heavy,0.0,,,,,
2019-01-01,1,2019,Trans Mountain Pipeline ULC,Trans Mountain pipeline,Sumas,49.0766,-122.203,south,export,domestic light,33.0272677419354,,,,,
2019-01-01,1,2019,Trans Mountain Pipeline ULC,Trans Mountain pipeline,Sumas,49.0766,-122.203,south,export,refined petroleum products,0.0,,,,,
2019-01-01,1,2019,Trans Mountain Pipeline ULC,Trans Mountain pipeline,Westridge,49.2908,-122.95,west,export,domestic heavy,1.40878387096774,,,,,
2019-01-01,1,2019,Trans Mountain Pipeline ULC,Trans Mountain pipeline,Westridge,49.2908,-122.95,west,export,domestic light,0.848938709677419,,,,,
2019-01-01,1,2019,Trans Mountain Pipeline ULC,Trans Mountain pipeline,Westridge,49.2908,-122.95,west,export,refined petroleum products,0.0,,,,,
2019-01-01,1,2019,Trans Mountain Pipeline ULC,Trans Mountain pipeline,system,,,,,,,,,,52.0,Heavy percentage; carry over
2019-02-01,2,2019,Trans Mountain Pipeline ULC,Trans Mountain pipeline,Burnaby,49.2685,-122.931,west,intracanada,domestic heavy,0.0,,,,,
2019-02-01,2,2019,Trans Mountain Pipeline ULC,Trans Mountain pipeline,Burnaby,49.2685,-122.931,west,intracanada,domestic light,8.09153928571428,,,,,
2019-02-01,2,2019,Trans Mountain Pipeline ULC,Trans Mountain pipeline,Burnaby,49.2685,-122.931,west,intracanada,refined petroleum products,7.16405714285714,,,,,
2019-02-01,2,2019,Trans Mountain Pipeline ULC,Trans Mountain pipeline,Sumas,49.0766,-122.203,south,export,domestic heavy,0.0,,,,,
2019-02-01,2,2019,Trans Mountain Pipeline ULC,Trans Mountain pipeline,Sumas,49.0766,-122.203,south,export,domestic light,34.1571,,,,,
2019-02-01,2,2019,Trans Mountain Pipeline ULC,Trans Mountain pipeline,Sumas,49.0766,-122.203,south,export,refined petroleum products,0.0,,,,,
2019-02-01,2,2019,Trans Mountain Pipeline ULC,Trans Mountain pipeline,Westridge,49.2908,-122.95,west,export,domestic heavy,1.242175,,,,,
2019-02-01,2,2019,Trans Mountain Pipeline ULC,Trans Mountain pipeline,Westridge,49.2908,-122.95,west,export,domestic light,1.90570357142857,,,,,
2019-02-01,2,2019,Trans Mountain Pipeline ULC,Trans Mountain pipeline,Westridge,49.2908,-122.95,west,export,refined petroleum products,0.0,,,,,
2019-02-01,2,2019,Trans Mountain Pipeline ULC,Trans Mountain pipeline,system,,,,,,,,,,53.0,Heavy percentage
2019-03-01,3,2019,Trans Mountain Pipeline ULC,Trans Mountain pipeline,Burnaby,49.2685,-122.931,west,intracanada,domestic heavy,0.0,,,,,
2019-03-01,3,2019,Trans Mountain Pipeline ULC,Trans Mountain pipeline,Burnaby,49.2685,-122.931,west,intracanada,domestic light,7.40884516129032,,,,,
2019-03-01,3,2019,Trans Mountain Pipeline ULC,Trans Mountain pipeline,Burnaby,49.2685,-122.931,west,intracanada,refined petroleum products,5.64660322580645,,,,,
2019-03-01,3,2019,Trans Mountain Pipeline ULC,Trans Mountain pipeline,Sumas,49.0766,-122.203,south,export,domestic heavy,0.556874193548387,,,,,
2019-03-01,3,2019,Trans Mountain Pipeline ULC,Trans Mountain pipeline,Sumas,49.0766,-122.203,south,export,domestic light,29.0582225806451,,,,,
2019-03-01,3,2019,Trans Mountain Pipeline ULC,Trans Mountain pipeline,Sumas,49.0766,-122.203,south,export,refined petroleum products,0.0,,,,,
2019-03-01,3,2019,Trans Mountain Pipeline ULC,Trans Mountain pipeline,Westridge,49.2908,-122.95,west,export,domestic heavy,0.0,,,,,
2019-03-01,3,2019,Trans Mountain Pipeline ULC,Trans Mountain pipeline,Westridge,49.2908,-122.95,west,export,domestic light,2.1101129032258,,,,,
2019-03-01,3,2019,Trans Mountain Pipeline ULC,Trans Mountain pipeline,Westridge,49.2908,-122.95,west,export,refined petroleum products,0.0,,,,,
2019-03-01,3,2019,Trans Mountain Pipeline ULC,Trans Mountain pipeline,system,,,,,,,,,,46.0,Heavy percentage; carry over
2019-04-01,4,2019,Trans Mountain Pipeline ULC,Trans Mountain pipeline,Burnaby,49.2685,-122.931,west,intracanada,domestic heavy,0.0,,,,,
2019-04-01,4,2019,Trans Mountain Pipeline ULC,Trans Mountain pipeline,Burnaby,49.2685,-122.931,west,intracanada,domestic light,8.07773666666666,,,,,
2019-04-01,4,2019,Trans Mountain Pipeline ULC,Trans Mountain pipeline,Burnaby,49.2685,-122.931,west,intracanada,refined petroleum products,6.79414666666666,,,,,
2019-04-01,4,2019,Trans Mountain Pipeline ULC,Trans Mountain pipeline,Sumas,49.0766,-122.203,south,export,domestic heavy,1.00669,,,,,
2019-04-01,4,2019,Trans Mountain Pipeline ULC,Trans Mountain pipeline,Sumas,49.0766,-122.203,south,export,domestic light,27.9765933333333,,,,,
2019-04-01,4,2019,Trans Mountain Pipeline ULC,Trans Mountain pipeline,Sumas,49.0766,-122.203,south,export,refined petroleum products,0.0,,,,,
2019-04-01,4,2019,Trans Mountain Pipeline ULC,Trans Mountain pipeline,Westridge,49.2908,-122.95,west,export,domestic heavy,5.38148,,,,,
2019-04-01,4,2019,Trans Mountain Pipeline ULC,Trans Mountain pipeline,Westridge,49.2908,-122.95,west,export,domestic light,1.28773,,,,,
2019-04-01,4,2019,Trans Mountain Pipeline ULC,Trans Mountain pipeline,Westridge,49.2908,-122.95,west,export,refined petroleum products,0.0,,,,,
2019-04-01,4,2019,Trans Mountain Pipeline ULC,Trans Mountain pipeline,system,,,,,,,,,,49.0,Heavy percentage; carry over; maintenance
2019-05-01,5,2019,Trans Mountain Pipeline ULC,Trans Mountain pipeline,Burnaby,49.2685,-122.931,west,intracanada,domestic heavy,0.0,,,,,
2019-05-01,5,2019,Trans Mountain Pipeline ULC,Trans Mountain pipeline,Burnaby,49.2685,-122.931,west,intracanada,domestic light,9.00333225806451,,,,,
2019-05-01,5,2019,Trans Mountain Pipeline ULC,Trans Mountain pipeline,Burnaby,49.2685,-122.931,west,intracanada,refined petroleum products,6.86912903225806,,,,,
2019-05-01,5,2019,Trans Mountain Pipeline ULC,Trans Mountain pipeline,Sumas,49.0766,-122.203,south,export,domestic heavy,0.0,,,,,
2019-05-01,5,2019,Trans Mountain Pipeline ULC,Trans Mountain pipeline,Sumas,49.0766,-122.203,south,export,domestic light,35.8886354838709,,,,,
2019-05-01,5,2019,Trans Mountain Pipeline ULC,Trans Mountain pipeline,Sumas,49.0766,-122.203,south,export,refined petroleum products,0.0,,,,,
2019-05-01,5,2019,Trans Mountain Pipeline ULC,Trans Mountain pipeline,Westridge,49.2908,-122.95,west,export,domestic heavy,3.14930967741935,,,,,
2019-05-01,5,2019,Trans Mountain Pipeline ULC,Trans Mountain pipeline,Westridge,49.2908,-122.95,west,export,domestic light,0.0,,,,,
2019-05-01,5,2019,Trans Mountain Pipeline ULC,Trans Mountain pipeline,Westridge,49.2908,-122.95,west,export,refined petroleum products,0.0,,,,,
2019-05-01,5,2019,Trans Mountain Pipeline ULC,Trans Mountain pipeline,system,,,,,,,,,,53.0,Heavy percentage
2019-06-01,6,2019,Trans Mountain Pipeline ULC,Trans Mountain pipeline,Burnaby,49.2685,-122.931,west,intracanada,domestic heavy,0.0,,,,,
2019-06-01,6,2019,Trans Mountain Pipeline ULC,Trans Mountain pipeline,Burnaby,49.2685,-122.931,west,intracanada,domestic light,7.42010666666666,,,,,
2019-06-01,6,2019,Trans Mountain Pipeline ULC,Trans Mountain pipeline,Burnaby,49.2685,-122.931,west,intracanada,refined petroleum products,5.14127,,,,,
2019-06-01,6,2019,Trans Mountain Pipeline ULC,Trans Mountain pipeline,Sumas,49.0766,-122.203,south,export,domestic heavy,0.0,,,,,
2019-06-01,6,2019,Trans Mountain Pipeline ULC,Trans Mountain pipeline,Sumas,49.0766,-122.203,south,export,domestic light,28.8832733333333,,,,,
2019-06-01,6,2019,Trans Mountain Pipeline ULC,Trans Mountain pipeline,Sumas,49.0766,-122.203,south,export,refined petroleum products,0.0,,,,,
2019-06-01,6,2019,Trans Mountain Pipeline ULC,Trans Mountain pipeline,Westridge,49.2908,-122.95,west,export,domestic heavy,4.11861333333333,,,,,
2019-06-01,6,2019,Trans Mountain Pipeline ULC,Trans Mountain pipeline,Westridge,49.2908,-122.95,west,export,domestic light,0.0,,,,,
2019-06-01,6,2019,Trans Mountain Pipeline ULC,Trans Mountain pipeline,Westridge,49.2908,-122.95,west,export,refined petroleum products,0.0,,,,,
2019-06-01,6,2019,Trans Mountain Pipeline ULC,Trans Mountain pipeline,system,,,,,,,,,,47.0,Heavy percentage
2019-07-01,7,2019,Trans Mountain Pipeline ULC,Trans Mountain pipeline,Burnaby,49.2685,-122.931,west,intracanada,domestic heavy,0.0,,,,,
2019-07-01,7,2019,Trans Mountain Pipeline ULC,Trans Mountain pipeline,Burnaby,49.2685,-122.931,west,intracanada,domestic light,8.3293193548387,,,,,
2019-07-01,7,2019,Trans Mountain Pipeline ULC,Trans Mountain pipeline,Burnaby,49.2685,-122.931,west,intracanada,refined petroleum products,8.23066451612903,,,,,
2019-07-01,7,2019,Trans Mountain Pipeline ULC,Trans Mountain pipeline,Sumas,49.0766,-122.203,south,export,domestic heavy,0.0,,,,,
2019-07-01,7,2019,Trans Mountain Pipeline ULC,Trans Mountain pipeline,Sumas,49.0766,-122.203,south,export,domestic light,34.441329032258,,,,,
2019-07-01,7,2019,Trans Mountain Pipeline ULC,Trans Mountain pipeline,Sumas,49.0766,-122.203,south,export,refined petroleum products,0.0,,,,,
2019-07-01,7,2019,Trans Mountain Pipeline ULC,Trans Mountain pipeline,Westridge,49.2908,-122.95,west,export,domestic heavy,0.817445161290322,,,,,
2019-07-01,7,2019,Trans Mountain Pipeline ULC,Trans Mountain pipeline,Westridge,49.2908,-122.95,west,export,domestic light,0.0,,,,,
2019-07-01,7,2019,Trans Mountain Pipeline ULC,Trans Mountain pipeline,Westridge,49.2908,-122.95,west,export,refined petroleum products,0.0,,,,,
2019-07-01,7,2019,Trans Mountain Pipeline ULC,Trans Mountain pipeline,system,,,,,,,,,,54.0,Heavy percentage; carry over
2019-08-01,8,2019,Trans Mountain Pipeline ULC,Trans Mountain pipeline,Burnaby,49.2685,-122.931,west,intracanada,domestic heavy,0.0,,,,,
2019-08-01,8,2019,Trans Mountain Pipeline ULC,Trans Mountain pipeline,Burnaby,49.2685,-122.931,west,intracanada,domestic light,7.84585161290322,,,,,
2019-08-01,8,2019,Trans Mountain Pipeline ULC,Trans Mountain pipeline,Burnaby,49.2685,-122.931,west,intracanada,refined petroleum products,5.9148,,,,,
2019-08-01,8,2019,Trans Mountain Pipeline ULC,Trans Mountain pipeline,Sumas,49.0766,-122.203,south,export,domestic heavy,0.0,,,,,
2019-08-01,8,2019,Trans Mountain Pipeline ULC,Trans Mountain pipeline,Sumas,49.0766,-122.203,south,export,domestic light,30.3172870967741,,,,,
2019-08-01,8,2019,Trans Mountain Pipeline ULC,Trans Mountain pipeline,Sumas,49.0766,-122.203,south,export,refined petroleum products,0.0,,,,,
2019-08-01,8,2019,Trans Mountain Pipeline ULC,Trans Mountain pipeline,Westridge,49.2908,-122.95,west,export,domestic heavy,2.84575161290322,,,,,
2019-08-01,8,2019,Trans Mountain Pipeline ULC,Trans Mountain pipeline,Westridge,49.2908,-122.95,west,export,domestic light,0.809754838709677,,,,,
2019-08-01,8,2019,Trans Mountain Pipeline ULC,Trans Mountain pipeline,Westridge,49.2908,-122.95,west,export,refined petroleum products,0.0,,,,,
2019-08-01,8,2019,Trans Mountain Pipeline ULC,Trans Mountain pipeline,system,,,,,,,,,,46.0,Heavy percentage; carry over; maintenance
2019-09-01,9,2019,Trans Mountain Pipeline ULC,Trans Mountain pipeline,Burnaby,49.2685,-122.931,west,intracanada,domestic heavy,0.0,,,,,
2019-09-01,9,2019,Trans Mountain Pipeline ULC,Trans Mountain pipeline,Burnaby,49.2685,-122.931,west,intracanada,domestic light,7.74665,,,,,
2019-09-01,9,2019,Trans Mountain Pipeline ULC,Trans Mountain pipeline,Burnaby,49.2685,-122.931,west,intracanada,refined petroleum products,5.99643666666666,,,,,
2019-09-01,9,2019,Trans Mountain Pipeline ULC,Trans Mountain pipeline,Sumas,49.0766,-122.203,south,export,domestic heavy,0.0,,,,,
2019-09-01,9,2019,Trans Mountain Pipeline ULC,Trans Mountain pipeline,Sumas,49.0766,-122.203,south,export,domestic light,33.7747833333333,,,,,
2019-09-01,9,2019,Trans Mountain Pipeline ULC,Trans Mountain pipeline,Sumas,49.0766,-122.203,south,export,refined petroleum products,0.0,,,,,
2019-09-01,9,2019,Trans Mountain Pipeline ULC,Trans Mountain pipeline,Westridge,49.2908,-122.95,west,export,domestic heavy,3.7875,,,,,
2019-09-01,9,2019,Trans Mountain Pipeline ULC,Trans Mountain pipeline,Westridge,49.2908,-122.95,west,export,domestic light,0.0,,,,,
2019-09-01,9,2019,Trans Mountain Pipeline ULC,Trans Mountain pipeline,Westridge,49.2908,-122.95,west,export,refined petroleum products,0.0,,,,,
2019-09-01,9,2019,Trans Mountain Pipeline ULC,Trans Mountain pipeline,system,,,,,,,,,,52.0,Maintenance
2019-10-01,10,2019,Trans Mountain Pipeline ULC,Trans Mountain pipeline,Burnaby,49.2685,-122.931,west,intracanada,domestic heavy,0.0,,,,,
2019-10-01,10,2019,Trans Mountain Pipeline ULC,Trans Mountain pipeline,Burnaby,49.2685,-122.931,west,intracanada,domestic light,7.41234838709677,,,,,
2019-10-01,10,2019,Trans Mountain Pipeline ULC,Trans Mountain pipeline,Burnaby,49.2685,-122.931,west,intracanada,refined petroleum products,7.46889354838709,,,,,
2019-10-01,10,2019,Trans Mountain Pipeline ULC,Trans Mountain pipeline,Sumas,49.0766,-122.203,south,export,domestic heavy,0.0,,,,,
2019-10-01,10,2019,Trans Mountain Pipeline ULC,Trans Mountain pipeline,Sumas,49.0766,-122.203,south,export,domestic light,34.740329032258,,,,,
2019-10-01,10,2019,Trans Mountain Pipeline ULC,Trans Mountain pipeline,Sumas,49.0766,-122.203,south,export,refined petroleum products,0.0,,,,,
2019-10-01,10,2019,Trans Mountain Pipeline ULC,Trans Mountain pipeline,Westridge,49.2908,-122.95,west,export,domestic heavy,0.0,,,,,
2019-10-01,10,2019,Trans Mountain Pipeline ULC,Trans Mountain pipeline,Westridge,49.2908,-122.95,west,export,domestic light,0.813596774193548,,,,,
2019-10-01,10,2019,Trans Mountain Pipeline ULC,Trans Mountain pipeline,Westridge,49.2908,-122.95,west,export,refined petroleum products,0.0,,,,,
2019-10-01,10,2019,Trans Mountain Pipeline ULC,Trans Mountain pipeline,system,,,,,,,,,,50.0,Maintenance
2019-11-01,11,2019,Trans Mountain Pipeline ULC,Trans Mountain pipeline,Burnaby,49.2685,-122.931,west,intracanada,domestic heavy,0.0,,,,,
2019-11-01,11,2019,Trans Mountain Pipeline ULC,Trans Mountain pipeline,Burnaby,49.2685,-122.931,west,intracanada,domestic light,7.59467333333333,,,,,
2019-11-01,11,2019,Trans Mountain Pipeline ULC,Trans Mountain pipeline,Burnaby,49.2685,-122.931,west,intracanada,refined petroleum products,6.21138333333333,,,,,
2019-11-01,11,2019,Trans Mountain Pipeline ULC,Trans Mountain pipeline,Sumas,49.0766,-122.203,south,export,domestic heavy,0.0,,,,,
2019-11-01,11,2019,Trans Mountain Pipeline ULC,Trans Mountain pipeline,Sumas,49.0766,-122.203,south,export,domestic light,32.2791166666666,,,,,
2019-11-01,11,2019,Trans Mountain Pipeline ULC,Trans Mountain pipeline,Sumas,49.0766,-122.203,south,export,refined petroleum products,0.0,,,,,
2019-11-01,11,2019,Trans Mountain Pipeline ULC,Trans Mountain pipeline,Westridge,49.2908,-122.95,west,export,domestic heavy,2.31113666666666,,,,,
2019-11-01,11,2019,Trans Mountain Pipeline ULC,Trans Mountain pipeline,Westridge,49.2908,-122.95,west,export,domestic light,0.87746,,,,,
2019-11-01,11,2019,Trans Mountain Pipeline ULC,Trans Mountain pipeline,Westridge,49.2908,-122.95,west,export,refined petroleum products,0.0,,,,,
2019-11-01,11,2019,Trans Mountain Pipeline ULC,Trans Mountain pipeline,system,,,,,,,,,,51.0,Heavy percentage
2019-12-01,12,2019,Trans Mountain Pipeline ULC,Trans Mountain pipeline,Burnaby,49.2685,-122.931,west,intracanada,domestic heavy,0.0,,,,,
2019-12-01,12,2019,Trans Mountain Pipeline ULC,Trans Mountain pipeline,Burnaby,49.2685,-122.931,west,intracanada,domestic light,7.17389677419354,,,,,
2019-12-01,12,2019,Trans Mountain Pipeline ULC,Trans Mountain pipeline,Burnaby,49.2685,-122.931,west,intracanada,refined petroleum products,4.87346451612903,,,,,
2019-12-01,12,2019,Trans Mountain Pipeline ULC,Trans Mountain pipeline,Sumas,49.0766,-122.203,south,export,domestic heavy,0.0,,,,,
2019-12-01,12,2019,Trans Mountain Pipeline ULC,Trans Mountain pipeline,Sumas,49.0766,-122.203,south,export,domestic light,31.1610064516129,,,,,
2019-12-01,12,2019,Trans Mountain Pipeline ULC,Trans Mountain pipeline,Sumas,49.0766,-122.203,south,export,refined petroleum products,0.0,,,,,
2019-12-01,12,2019,Trans Mountain Pipeline ULC,Trans Mountain pipeline,Westridge,49.2908,-122.95,west,export,domestic heavy,5.62555483870967,,,,,
2019-12-01,12,2019,Trans Mountain Pipeline ULC,Trans Mountain pipeline,Westridge,49.2908,-122.95,west,export,domestic light,0.0,,,,,
2019-12-01,12,2019,Trans Mountain Pipeline ULC,Trans Mountain pipeline,Westridge,49.2908,-122.95,west,export,refined petroleum products,0.0,,,,,
2019-12-01,12,2019,Trans Mountain Pipeline ULC,Trans Mountain pipeline,system,,,,,,,,,,49.0,Heavy percentage; maintenance
2020-01-01,1,2020,Trans Mountain Pipeline ULC,Trans Mountain pipeline,Burnaby,49.2685,-122.931,west,intracanada,domestic heavy,0.0,,,,,
2020-01-01,1,2020,Trans Mountain Pipeline ULC,Trans Mountain pipeline,Burnaby,49.2685,-122.931,west,intracanada,domestic light,7.20412580645161,,,,,
2020-01-01,1,2020,Trans Mountain Pipeline ULC,Trans Mountain pipeline,Burnaby,49.2685,-122.931,west,intracanada,refined petroleum products,6.03953870967741,,,,,
2020-01-01,1,2020,Trans Mountain Pipeline ULC,Trans Mountain pipeline,Sumas,49.0766,-122.203,south,export,domestic heavy,0.0,,,,,
2020-01-01,1,2020,Trans Mountain Pipeline ULC,Trans Mountain pipeline,Sumas,49.0766,-122.203,south,export,domestic light,31.0755483870967,,,,,
2020-01-01,1,2020,Trans Mountain Pipeline ULC,Trans Mountain pipeline,Sumas,49.0766,-122.203,south,export,refined petroleum products,0.0,,,,,
2020-01-01,1,2020,Trans Mountain Pipeline ULC,Trans Mountain pipeline,Westridge,49.2908,-122.95,west,export,domestic heavy,1.2136129032258,,,,,
2020-01-01,1,2020,Trans Mountain Pipeline ULC,Trans Mountain pipeline,Westridge,49.2908,-122.95,west,export,domestic light,0.0,,,,,
2020-01-01,1,2020,Trans Mountain Pipeline ULC,Trans Mountain pipeline,Westridge,49.2908,-122.95,west,export,refined petroleum products,0.0,,,,,
2020-01-01,1,2020,Trans Mountain Pipeline ULC,Trans Mountain pipeline,system,,,,,,,,,,46.0,Heavy percentage; maintenance
2020-02-01,2,2020,Trans Mountain Pipeline ULC,Trans Mountain pipeline,Burnaby,49.2685,-122.931,west,intracanada,domestic heavy,0.0,,,,,
2020-02-01,2,2020,Trans Mountain Pipeline ULC,Trans Mountain pipeline,Burnaby,49.2685,-122.931,west,intracanada,domestic light,0.0,,,,,
2020-02-01,2,2020,Trans Mountain Pipeline ULC,Trans Mountain pipeline,Burnaby,49.2685,-122.931,west,intracanada,refined petroleum products,4.44378275862068,,,,,
2020-02-01,2,2020,Trans Mountain Pipeline ULC,Trans Mountain pipeline,Sumas,49.0766,-122.203,south,export,domestic heavy,0.0,,,,,
2020-02-01,2,2020,Trans Mountain Pipeline ULC,Trans Mountain pipeline,Sumas,49.0766,-122.203,south,export,domestic light,28.8923413793103,,,,,
2020-02-01,2,2020,Trans Mountain Pipeline ULC,Trans Mountain pipeline,Sumas,49.0766,-122.203,south,export,refined petroleum products,0.0,,,,,
2020-02-01,2,2020,Trans Mountain Pipeline ULC,Trans Mountain pipeline,Westridge,49.2908,-122.95,west,export,domestic heavy,8.5579448275862,,,,,
2020-02-01,2,2020,Trans Mountain Pipeline ULC,Trans Mountain pipeline,Westridge,49.2908,-122.95,west,export,domestic light,4.90293793103448,,,,,
2020-02-01,2,2020,Trans Mountain Pipeline ULC,Trans Mountain pipeline,Westridge,49.2908,-122.95,west,export,refined petroleum products,0.0,,,,,
2020-02-01,2,2020,Trans Mountain Pipeline ULC,Trans Mountain pipeline,system,,,,,,,,,,49.0,Heavy percentage; maintenance
2020-03-01,3,2020,Trans Mountain Pipeline ULC,Trans Mountain pipeline,Burnaby,49.2685,-122.931,west,intracanada,domestic heavy,0.0,,,,,
2020-03-01,3,2020,Trans Mountain Pipeline ULC,Trans Mountain pipeline,Burnaby,49.2685,-122.931,west,intracanada,domestic light,0.00663548387096774,,,,,
2020-03-01,3,2020,Trans Mountain Pipeline ULC,Trans Mountain pipeline,Burnaby,49.2685,-122.931,west,intracanada,refined petroleum products,7.88796451612903,,,,,
2020-03-01,3,2020,Trans Mountain Pipeline ULC,Trans Mountain pipeline,Sumas,49.0766,-122.203,south,export,domestic heavy,0.0,,,,,
2020-03-01,3,2020,Trans Mountain Pipeline ULC,Trans Mountain pipeline,Sumas,49.0766,-122.203,south,export,domestic light,30.8893967741935,,,,,
2020-03-01,3,2020,Trans Mountain Pipeline ULC,Trans Mountain pipeline,Sumas,49.0766,-122.203,south,export,refined petroleum products,0.0,,,,,
2020-03-01,3,2020,Trans Mountain Pipeline ULC,Trans Mountain pipeline,Westridge,49.2908,-122.95,west,export,domestic heavy,6.32082580645161,,,,,
2020-03-01,3,2020,Trans Mountain Pipeline ULC,Trans Mountain pipeline,Westridge,49.2908,-122.95,west,export,domestic light,4.23180967741935,,,,,
2020-03-01,3,2020,Trans Mountain Pipeline ULC,Trans Mountain pipeline,Westridge,49.2908,-122.95,west,export,refined petroleum products,0.0,,,,,
2020-03-01,3,2020,Trans Mountain Pipeline ULC,Trans Mountain pipeline,system,,,,,,,,,,52.0,Heavy percentage; maintenance
2020-04-01,4,2020,Trans Mountain Pipeline ULC,Trans Mountain pipeline,Burnaby,49.2685,-122.931,west,intracanada,domestic heavy,0.0,,,,,
2020-04-01,4,2020,Trans Mountain Pipeline ULC,Trans Mountain pipeline,Burnaby,49.2685,-122.931,west,intracanada,domestic light,2.81491666666666,,,,,
2020-04-01,4,2020,Trans Mountain Pipeline ULC,Trans Mountain pipeline,Burnaby,49.2685,-122.931,west,intracanada,refined petroleum products,5.97479666666666,,,,,
2020-04-01,4,2020,Trans Mountain Pipeline ULC,Trans Mountain pipeline,Sumas,49.0766,-122.203,south,export,domestic heavy,0.0,,,,,
2020-04-01,4,2020,Trans Mountain Pipeline ULC,Trans Mountain pipeline,Sumas,49.0766,-122.203,south,export,domestic light,28.8184566666666,,,,,
2020-04-01,4,2020,Trans Mountain Pipeline ULC,Trans Mountain pipeline,Sumas,49.0766,-122.203,south,export,refined petroleum products,0.0,,,,,
2020-04-01,4,2020,Trans Mountain Pipeline ULC,Trans Mountain pipeline,Westridge,49.2908,-122.95,west,export,domestic heavy,3.91296666666666,,,,,
2020-04-01,4,2020,Trans Mountain Pipeline ULC,Trans Mountain pipeline,Westridge,49.2908,-122.95,west,export,domestic light,5.275,,,,,
2020-04-01,4,2020,Trans Mountain Pipeline ULC,Trans Mountain pipeline,Westridge,49.2908,-122.95,west,export,refined petroleum products,0.0,,,,,
2020-04-01,4,2020,Trans Mountain Pipeline ULC,Trans Mountain pipeline,system,,,,,,,,,,47.0,Heavy percentage; carry over; maintenance
2020-05-01,5,2020,Trans Mountain Pipeline ULC,Trans Mountain pipeline,Burnaby,49.2685,-122.931,west,intracanada,domestic heavy,0.0,,,,,
2020-05-01,5,2020,Trans Mountain Pipeline ULC,Trans Mountain pipeline,Burnaby,49.2685,-122.931,west,intracanada,domestic light,6.1195,,,,,
2020-05-01,5,2020,Trans Mountain Pipeline ULC,Trans Mountain pipeline,Burnaby,49.2685,-122.931,west,intracanada,refined petroleum products,7.50654838709677,,,,,
2020-05-01,5,2020,Trans Mountain Pipeline ULC,Trans Mountain pipeline,Sumas,49.0766,-122.203,south,export,domestic heavy,0.0,,,,,
2020-05-01,5,2020,Trans Mountain Pipeline ULC,Trans Mountain pipeline,Sumas,49.0766,-122.203,south,export,domestic light,19.1465709677419,,,,,
2020-05-01,5,2020,Trans Mountain Pipeline ULC,Trans Mountain pipeline,Sumas,49.0766,-122.203,south,export,refined petroleum products,0.0,,,,,
2020-05-01,5,2020,Trans Mountain Pipeline ULC,Trans Mountain pipeline,Westridge,49.2908,-122.95,west,export,domestic heavy,15.0721419354838,,,,,
2020-05-01,5,2020,Trans Mountain Pipeline ULC,Trans Mountain pipeline,Westridge,49.2908,-122.95,west,export,domestic light,0.0,,,,,
2020-05-01,5,2020,Trans Mountain Pipeline ULC,Trans Mountain pipeline,Westridge,49.2908,-122.95,west,export,refined petroleum products,0.0,,,,,
2020-05-01,5,2020,Trans Mountain Pipeline ULC,Trans Mountain pipeline,system,,,,,,,,,,47.0,Heavy percentage; maintenance
2020-06-01,6,2020,Trans Mountain Pipeline ULC,Trans Mountain pipeline,Burnaby,49.2685,-122.931,west,intracanada,domestic heavy,0.0,,,,,
2020-06-01,6,2020,Trans Mountain Pipeline ULC,Trans Mountain pipeline,Burnaby,49.2685,-122.931,west,intracanada,domestic light,6.69851333333333,,,,,
2020-06-01,6,2020,Trans Mountain Pipeline ULC,Trans Mountain pipeline,Burnaby,49.2685,-122.931,west,intracanada,refined petroleum products,5.39600666666666,,,,,
2020-06-01,6,2020,Trans Mountain Pipeline ULC,Trans Mountain pipeline,Sumas,49.0766,-122.203,south,export,domestic heavy,0.0,,,,,
2020-06-01,6,2020,Trans Mountain Pipeline ULC,Trans Mountain pipeline,Sumas,49.0766,-122.203,south,export,domestic light,24.6734966666666,,,,,
2020-06-01,6,2020,Trans Mountain Pipeline ULC,Trans Mountain pipeline,Sumas,49.0766,-122.203,south,export,refined petroleum products,0.0,,,,,
2020-06-01,6,2020,Trans Mountain Pipeline ULC,Trans Mountain pipeline,Westridge,49.2908,-122.95,west,export,domestic heavy,8.17826666666666,,,,,
2020-06-01,6,2020,Trans Mountain Pipeline ULC,Trans Mountain pipeline,Westridge,49.2908,-122.95,west,export,domestic light,0.0,,,,,
2020-06-01,6,2020,Trans Mountain Pipeline ULC,Trans Mountain pipeline,Westridge,49.2908,-122.95,west,export,refined petroleum products,0.0,,,,,
2020-06-01,6,2020,Trans Mountain Pipeline ULC,Trans Mountain pipeline,system,,,,,,,,,,47.0,Maintenance
2020-07-01,7,2020,Trans Mountain Pipeline ULC,Trans Mountain pipeline,Burnaby,49.2685,-122.931,west,intracanada,domestic heavy,0.0,,,,,
2020-07-01,7,2020,Trans Mountain Pipeline ULC,Trans Mountain pipeline,Burnaby,49.2685,-122.931,west,intracanada,domestic light,6.8880193548387,,,,,
2020-07-01,7,2020,Trans Mountain Pipeline ULC,Trans Mountain pipeline,Burnaby,49.2685,-122.931,west,intracanada,refined petroleum products,5.05766774193548,,,,,
2020-07-01,7,2020,Trans Mountain Pipeline ULC,Trans Mountain pipeline,Sumas,49.0766,-122.203,south,export,domestic heavy,0.0,,,,,
2020-07-01,7,2020,Trans Mountain Pipeline ULC,Trans Mountain pipeline,Sumas,49.0766,-122.203,south,export,domestic light,37.3885806451612,,,,,
2020-07-01,7,2020,Trans Mountain Pipeline ULC,Trans Mountain pipeline,Sumas,49.0766,-122.203,south,export,refined petroleum products,0.0,,,,,
2020-07-01,7,2020,Trans Mountain Pipeline ULC,Trans Mountain pipeline,Westridge,49.2908,-122.95,west,export,domestic heavy,0.3797,,,,,
2020-07-01,7,2020,Trans Mountain Pipeline ULC,Trans Mountain pipeline,Westridge,49.2908,-122.95,west,export,domestic light,0.0,,,,,
2020-07-01,7,2020,Trans Mountain Pipeline ULC,Trans Mountain pipeline,Westridge,49.2908,-122.95,west,export,refined petroleum products,0.0,,,,,
2020-07-01,7,2020,Trans Mountain Pipeline ULC,Trans Mountain pipeline,system,,,,,,,,,,47.0,"Maintenance, carryover "
2020-08-01,8,2020,Trans Mountain Pipeline ULC,Trans Mountain pipeline,Burnaby,49.2685,-122.931,west,intracanada,domestic heavy,0.0,,,,,
2020-08-01,8,2020,Trans Mountain Pipeline ULC,Trans Mountain pipeline,Burnaby,49.2685,-122.931,west,intracanada,domestic light,8.04997096774193,,,,,
2020-08-01,8,2020,Trans Mountain Pipeline ULC,Trans Mountain pipeline,Burnaby,49.2685,-122.931,west,intracanada,refined petroleum products,8.55845806451612,,,,,
2020-08-01,8,2020,Trans Mountain Pipeline ULC,Trans Mountain pipeline,Sumas,49.0766,-122.203,south,export,domestic heavy,0.0,,,,,
2020-08-01,8,2020,Trans Mountain Pipeline ULC,Trans Mountain pipeline,Sumas,49.0766,-122.203,south,export,domestic light,39.1080806451612,,,,,
2020-08-01,8,2020,Trans Mountain Pipeline ULC,Trans Mountain pipeline,Sumas,49.0766,-122.203,south,export,refined petroleum products,0.0,,,,,
2020-08-01,8,2020,Trans Mountain Pipeline ULC,Trans Mountain pipeline,Westridge,49.2908,-122.95,west,export,domestic heavy,0.847964516129032,,,,,
2020-08-01,8,2020,Trans Mountain Pipeline ULC,Trans Mountain pipeline,Westridge,49.2908,-122.95,west,export,domestic light,0.0,,,,,
2020-08-01,8,2020,Trans Mountain Pipeline ULC,Trans Mountain pipeline,Westridge,49.2908,-122.95,west,export,refined petroleum products,0.0,,,,,
2020-08-01,8,2020,Trans Mountain Pipeline ULC,Trans Mountain pipeline,system,,,,,,,,,,58.0,
2020-09-01,9,2020,Trans Mountain Pipeline ULC,Trans Mountain pipeline,Burnaby,49.2685,-122.931,west,intracanada,domestic heavy,0.0,,,,,
2020-09-01,9,2020,Trans Mountain Pipeline ULC,Trans Mountain pipeline,Burnaby,49.2685,-122.931,west,intracanada,domestic light,7.71388333333333,,,,,
2020-09-01,9,2020,Trans Mountain Pipeline ULC,Trans Mountain pipeline,Burnaby,49.2685,-122.931,west,intracanada,refined petroleum products,6.17977666666666,,,,,
2020-09-01,9,2020,Trans Mountain Pipeline ULC,Trans Mountain pipeline,Sumas,49.0766,-122.203,south,export,domestic heavy,0.0,,,,,
2020-09-01,9,2020,Trans Mountain Pipeline ULC,Trans Mountain pipeline,Sumas,49.0766,-122.203,south,export,domestic light,32.3880733333333,,,,,
2020-09-01,9,2020,Trans Mountain Pipeline ULC,Trans Mountain pipeline,Sumas,49.0766,-122.203,south,export,refined petroleum products,0.0,,,,,
2020-09-01,9,2020,Trans Mountain Pipeline ULC,Trans Mountain pipeline,Westridge,49.2908,-122.95,west,export,domestic heavy,0.395936666666666,,,,,
2020-09-01,9,2020,Trans Mountain Pipeline ULC,Trans Mountain pipeline,Westridge,49.2908,-122.95,west,export,domestic light,1.94376666666666,,,,,
2020-09-01,9,2020,Trans Mountain Pipeline ULC,Trans Mountain pipeline,Westridge,49.2908,-122.95,west,export,refined petroleum products,0.0,,,,,
2020-09-01,9,2020,Trans Mountain Pipeline ULC,Trans Mountain pipeline,system,,,,,,,,,,51.0,"Heavy percentage, maintenance"
2020-10-01,10,2020,Trans Mountain Pipeline ULC,Trans Mountain pipeline,Burnaby,49.2685,-122.931,west,intracanada,domestic heavy,0.0,,,,,
2020-10-01,10,2020,Trans Mountain Pipeline ULC,Trans Mountain pipeline,Burnaby,49.2685,-122.931,west,intracanada,domestic light,8.35708064516129,,,,,
2020-10-01,10,2020,Trans Mountain Pipeline ULC,Trans Mountain pipeline,Burnaby,49.2685,-122.931,west,intracanada,refined petroleum products,8.09067096774193,,,,,
2020-10-01,10,2020,Trans Mountain Pipeline ULC,Trans Mountain pipeline,Sumas,49.0766,-122.203,south,export,domestic heavy,0.0,,,,,
2020-10-01,10,2020,Trans Mountain Pipeline ULC,Trans Mountain pipeline,Sumas,49.0766,-122.203,south,export,domestic light,33.1730193548387,,,,,
2020-10-01,10,2020,Trans Mountain Pipeline ULC,Trans Mountain pipeline,Sumas,49.0766,-122.203,south,export,refined petroleum products,0.0,,,,,
2020-10-01,10,2020,Trans Mountain Pipeline ULC,Trans Mountain pipeline,Westridge,49.2908,-122.95,west,export,domestic heavy,5.74227741935483,,,,,
2020-10-01,10,2020,Trans Mountain Pipeline ULC,Trans Mountain pipeline,Westridge,49.2908,-122.95,west,export,domestic light,0.0,,,,,
2020-10-01,10,2020,Trans Mountain Pipeline ULC,Trans Mountain pipeline,Westridge,49.2908,-122.95,west,export,refined petroleum products,0.0,,,,,
2020-10-01,10,2020,Trans Mountain Pipeline ULC,Trans Mountain pipeline,system,,,,,,,,,,56.0,
2020-11-01,11,2020,Trans Mountain Pipeline ULC,Trans Mountain pipeline,Burnaby,49.2685,-122.931,west,intracanada,domestic heavy,0.0,,,,,
2020-11-01,11,2020,Trans Mountain Pipeline ULC,Trans Mountain pipeline,Burnaby,49.2685,-122.931,west,intracanada,domestic light,7.39211333333333,,,,,
2020-11-01,11,2020,Trans Mountain Pipeline ULC,Trans Mountain pipeline,Burnaby,49.2685,-122.931,west,intracanada,refined petroleum products,5.51743333333333,,,,,
2020-11-01,11,2020,Trans Mountain Pipeline ULC,Trans Mountain pipeline,Sumas,49.0766,-122.203,south,export,domestic heavy,0.0,,,,,
2020-11-01,11,2020,Trans Mountain Pipeline ULC,Trans Mountain pipeline,Sumas,49.0766,-122.203,south,export,domestic light,33.6407533333333,,,,,
2020-11-01,11,2020,Trans Mountain Pipeline ULC,Trans Mountain pipeline,Sumas,49.0766,-122.203,south,export,refined petroleum products,0.0,,,,,
2020-11-01,11,2020,Trans Mountain Pipeline ULC,Trans Mountain pipeline,Westridge,49.2908,-122.95,west,export,domestic heavy,2.90004666666666,,,,,
2020-11-01,11,2020,Trans Mountain Pipeline ULC,Trans Mountain pipeline,Westridge,49.2908,-122.95,west,export,domestic light,0.0,,,,,
2020-11-01,11,2020,Trans Mountain Pipeline ULC,Trans Mountain pipeline,Westridge,49.2908,-122.95,west,export,refined petroleum products,0.0,,,,,
2020-11-01,11,2020,Trans Mountain Pipeline ULC,Trans Mountain pipeline,system,,,,,,,,,,47.0,"Maintenance, carryover "
2020-12-01,12,2020,Trans Mountain Pipeline ULC,Trans Mountain pipeline,Burnaby,49.2685,-122.931,west,intracanada,domestic heavy,0.0,,,,,
2020-12-01,12,2020,Trans Mountain Pipeline ULC,Trans Mountain pipeline,Burnaby,49.2685,-122.931,west,intracanada,domestic light,6.84627419354838,,,,,
2020-12-01,12,2020,Trans Mountain Pipeline ULC,Trans Mountain pipeline,Burnaby,49.2685,-122.931,west,intracanada,refined petroleum products,6.43485161290322,,,,,
2020-12-01,12,2020,Trans Mountain Pipeline ULC,Trans Mountain pipeline,Sumas,49.0766,-122.203,south,export,domestic heavy,0.0,,,,,
2020-12-01,12,2020,Trans Mountain Pipeline ULC,Trans Mountain pipeline,Sumas,49.0766,-122.203,south,export,domestic light,34.9870354838709,,,,,
2020-12-01,12,2020,Trans Mountain Pipeline ULC,Trans Mountain pipeline,Sumas,49.0766,-122.203,south,export,refined petroleum products,0.0,,,,,
2020-12-01,12,2020,Trans Mountain Pipeline ULC,Trans Mountain pipeline,Westridge,49.2908,-122.95,west,export,domestic heavy,5.08076451612903,,,,,
2020-12-01,12,2020,Trans Mountain Pipeline ULC,Trans Mountain pipeline,Westridge,49.2908,-122.95,west,export,domestic light,0.0,,,,,
2020-12-01,12,2020,Trans Mountain Pipeline ULC,Trans Mountain pipeline,Westridge,49.2908,-122.95,west,export,refined petroleum products,0.0,,,,,
2020-12-01,12,2020,Trans Mountain Pipeline ULC,Trans Mountain pipeline,system,,,,,,,,,,53.0,
2021-01-01,1,2021,Trans Mountain Pipeline ULC,Trans Mountain pipeline,Burnaby,49.2685,-122.931,west,intracanada,domestic heavy,0.0,,,,,
2021-01-01,1,2021,Trans Mountain Pipeline ULC,Trans Mountain pipeline,Burnaby,49.2685,-122.931,west,intracanada,domestic light,7.31378709677419,,,,,
2021-01-01,1,2021,Trans Mountain Pipeline ULC,Trans Mountain pipeline,Burnaby,49.2685,-122.931,west,intracanada,refined petroleum products,5.11512258064516,,,,,
2021-01-01,1,2021,Trans Mountain Pipeline ULC,Trans Mountain pipeline,Sumas,49.0766,-122.203,south,export,domestic heavy,0.0,,,,,
2021-01-01,1,2021,Trans Mountain Pipeline ULC,Trans Mountain pipeline,Sumas,49.0766,-122.203,south,export,domestic light,32.3027258064516,,,,,
2021-01-01,1,2021,Trans Mountain Pipeline ULC,Trans Mountain pipeline,Sumas,49.0766,-122.203,south,export,refined petroleum products,0.0,,,,,
2021-01-01,1,2021,Trans Mountain Pipeline ULC,Trans Mountain pipeline,Westridge,49.2908,-122.95,west,export,domestic heavy,2.9518129032258,,,,,
2021-01-01,1,2021,Trans Mountain Pipeline ULC,Trans Mountain pipeline,Westridge,49.2908,-122.95,west,export,domestic light,0.0,,,,,
2021-01-01,1,2021,Trans Mountain Pipeline ULC,Trans Mountain pipeline,Westridge,49.2908,-122.95,west,export,refined petroleum products,0.0,,,,,
2021-01-01,1,2021,Trans Mountain Pipeline ULC,Trans Mountain pipeline,system,,,,,,,,,,50.0,
2021-02-01,2,2021,Trans Mountain Pipeline ULC,Trans Mountain pipeline,Burnaby,49.2685,-122.931,west,intracanada,domestic heavy,0.0,,,,,
2021-02-01,2,2021,Trans Mountain Pipeline ULC,Trans Mountain pipeline,Burnaby,49.2685,-122.931,west,intracanada,domestic light,7.30551428571428,,,,,
2021-02-01,2,2021,Trans Mountain Pipeline ULC,Trans Mountain pipeline,Burnaby,49.2685,-122.931,west,intracanada,refined petroleum products,5.96405714285714,,,,,
2021-02-01,2,2021,Trans Mountain Pipeline ULC,Trans Mountain pipeline,Sumas,49.0766,-122.203,south,export,domestic heavy,0.0,,,,,
2021-02-01,2,2021,Trans Mountain Pipeline ULC,Trans Mountain pipeline,Sumas,49.0766,-122.203,south,export,domestic light,31.5872178571428,,,,,
2021-02-01,2,2021,Trans Mountain Pipeline ULC,Trans Mountain pipeline,Sumas,49.0766,-122.203,south,export,refined petroleum products,0.0,,,,,
2021-02-01,2,2021,Trans Mountain Pipeline ULC,Trans Mountain pipeline,Westridge,49.2908,-122.95,west,export,domestic heavy,6.3714,,,,,
2021-02-01,2,2021,Trans Mountain Pipeline ULC,Trans Mountain pipeline,Westridge,49.2908,-122.95,west,export,domestic light,0.424371428571428,,,,,
2021-02-01,2,2021,Trans Mountain Pipeline ULC,Trans Mountain pipeline,Westridge,49.2908,-122.95,west,export,refined petroleum products,0.0,,,,,
2021-02-01,2,2021,Trans Mountain Pipeline ULC,Trans Mountain pipeline,system,,,,,,,,,,50.0,
2021-03-01,3,2021,Trans Mountain Pipeline ULC,Trans Mountain pipeline,Burnaby,49.2685,-122.931,west,intracanada,domestic heavy,0.0,,,,,
2021-03-01,3,2021,Trans Mountain Pipeline ULC,Trans Mountain pipeline,Burnaby,49.2685,-122.931,west,intracanada,domestic light,7.38811612903225,,,,,
2021-03-01,3,2021,Trans Mountain Pipeline ULC,Trans Mountain pipeline,Burnaby,49.2685,-122.931,west,intracanada,refined petroleum products,6.32833225806451,,,,,
2021-03-01,3,2021,Trans Mountain Pipeline ULC,Trans Mountain pipeline,Sumas,49.0766,-122.203,south,export,domestic heavy,0.0,,,,,
2021-03-01,3,2021,Trans Mountain Pipeline ULC,Trans Mountain pipeline,Sumas,49.0766,-122.203,south,export,domestic light,37.0768225806451,,,,,
2021-03-01,3,2021,Trans Mountain Pipeline ULC,Trans Mountain pipeline,Sumas,49.0766,-122.203,south,export,refined petroleum products,0.0,,,,,
2021-03-01,3,2021,Trans Mountain Pipeline ULC,Trans Mountain pipeline,Westridge,49.2908,-122.95,west,export,domestic heavy,2.98786774193548,,,,,
2021-03-01,3,2021,Trans Mountain Pipeline ULC,Trans Mountain pipeline,Westridge,49.2908,-122.95,west,export,domestic light,0.383435483870967,,,,,
2021-03-01,3,2021,Trans Mountain Pipeline ULC,Trans Mountain pipeline,Westridge,49.2908,-122.95,west,export,refined petroleum products,0.0,,,,,
2021-03-01,3,2021,Trans Mountain Pipeline ULC,Trans Mountain pipeline,system,,,,,,,,,,54.0,
2021-04-01,4,2021,Trans Mountain Pipeline ULC,Trans Mountain pipeline,Burnaby,49.2685,-122.931,west,intracanada,domestic heavy,0.0,,,,,
2021-04-01,4,2021,Trans Mountain Pipeline ULC,Trans Mountain pipeline,Burnaby,49.2685,-122.931,west,intracanada,domestic light,8.00040666666666,,,,,
2021-04-01,4,2021,Trans Mountain Pipeline ULC,Trans Mountain pipeline,Burnaby,49.2685,-122.931,west,intracanada,refined petroleum products,5.68239,,,,,
2021-04-01,4,2021,Trans Mountain Pipeline ULC,Trans Mountain pipeline,Sumas,49.0766,-122.203,south,export,domestic heavy,0.0,,,,,
2021-04-01,4,2021,Trans Mountain Pipeline ULC,Trans Mountain pipeline,Sumas,49.0766,-122.203,south,export,domestic light,32.6694466666666,,,,,
2021-04-01,4,2021,Trans Mountain Pipeline ULC,Trans Mountain pipeline,Sumas,49.0766,-122.203,south,export,refined petroleum products,0.0,,,,,
2021-04-01,4,2021,Trans Mountain Pipeline ULC,Trans Mountain pipeline,Westridge,49.2908,-122.95,west,export,domestic heavy,7.81956,,,,,
2021-04-01,4,2021,Trans Mountain Pipeline ULC,Trans Mountain pipeline,Westridge,49.2908,-122.95,west,export,domestic light,0.0,,,,,
2021-04-01,4,2021,Trans Mountain Pipeline ULC,Trans Mountain pipeline,Westridge,49.2908,-122.95,west,export,refined petroleum products,0.0,,,,,
2021-04-01,4,2021,Trans Mountain Pipeline ULC,Trans Mountain pipeline,system,,,,,,,,,,53.0,
2021-05-01,5,2021,Trans Mountain Pipeline ULC,Trans Mountain pipeline,Burnaby,49.2685,-122.931,west,intracanada,domestic heavy,0.0,,,,,
2021-05-01,5,2021,Trans Mountain Pipeline ULC,Trans Mountain pipeline,Burnaby,49.2685,-122.931,west,intracanada,domestic light,8.12168387096774,,,,,
2021-05-01,5,2021,Trans Mountain Pipeline ULC,Trans Mountain pipeline,Burnaby,49.2685,-122.931,west,intracanada,refined petroleum products,4.57778709677419,,,,,
2021-05-01,5,2021,Trans Mountain Pipeline ULC,Trans Mountain pipeline,Sumas,49.0766,-122.203,south,export,domestic heavy,0.0,,,,,
2021-05-01,5,2021,Trans Mountain Pipeline ULC,Trans Mountain pipeline,Sumas,49.0766,-122.203,south,export,domestic light,33.8455419354838,,,,,
2021-05-01,5,2021,Trans Mountain Pipeline ULC,Trans Mountain pipeline,Sumas,49.0766,-122.203,south,export,refined petroleum products,0.0,,,,,
2021-05-01,5,2021,Trans Mountain Pipeline ULC,Trans Mountain pipeline,Westridge,49.2908,-122.95,west,export,domestic heavy,7.37746451612903,,,,,
2021-05-01,5,2021,Trans Mountain Pipeline ULC,Trans Mountain pipeline,Westridge,49.2908,-122.95,west,export,domestic light,0.0,,,,,
2021-05-01,5,2021,Trans Mountain Pipeline ULC,Trans Mountain pipeline,Westridge,49.2908,-122.95,west,export,refined petroleum products,0.0,,,,,
2021-05-01,5,2021,Trans Mountain Pipeline ULC,Trans Mountain pipeline,system,,,,,,,,,,55.0,
2021-06-01,6,2021,Trans Mountain Pipeline ULC,Trans Mountain pipeline,Burnaby,49.2685,-122.931,west,intracanada,domestic heavy,0.0,,,,,
2021-06-01,6,2021,Trans Mountain Pipeline ULC,Trans Mountain pipeline,Burnaby,49.2685,-122.931,west,intracanada,domestic light,7.9228,,,,,
2021-06-01,6,2021,Trans Mountain Pipeline ULC,Trans Mountain pipeline,Burnaby,49.2685,-122.931,west,intracanada,refined petroleum products,6.27502666666666,,,,,
2021-06-01,6,2021,Trans Mountain Pipeline ULC,Trans Mountain pipeline,Sumas,49.0766,-122.203,south,export,domestic heavy,0.0,,,,,
2021-06-01,6,2021,Trans Mountain Pipeline ULC,Trans Mountain pipeline,Sumas,49.0766,-122.203,south,export,domestic light,36.0227466666666,,,,,
2021-06-01,6,2021,Trans Mountain Pipeline ULC,Trans Mountain pipeline,Sumas,49.0766,-122.203,south,export,refined petroleum products,0.0,,,,,
2021-06-01,6,2021,Trans Mountain Pipeline ULC,Trans Mountain pipeline,Westridge,49.2908,-122.95,west,export,domestic heavy,1.81860666666666,,,,,
2021-06-01,6,2021,Trans Mountain Pipeline ULC,Trans Mountain pipeline,Westridge,49.2908,-122.95,west,export,domestic light,0.0,,,,,
2021-06-01,6,2021,Trans Mountain Pipeline ULC,Trans Mountain pipeline,Westridge,49.2908,-122.95,west,export,refined petroleum products,0.0,,,,,
2021-06-01,6,2021,Trans Mountain Pipeline ULC,Trans Mountain pipeline,system,,,,,,,,,,51.0,Carryover
2021-07-01,7,2021,Trans Mountain Pipeline ULC,Trans Mountain pipeline,Burnaby,49.2685,-122.931,west,intracanada,domestic heavy,0.0,,,,,
2021-07-01,7,2021,Trans Mountain Pipeline ULC,Trans Mountain pipeline,Burnaby,49.2685,-122.931,west,intracanada,domestic light,8.23907419354838,,,,,
2021-07-01,7,2021,Trans Mountain Pipeline ULC,Trans Mountain pipeline,Burnaby,49.2685,-122.931,west,intracanada,refined petroleum products,5.26199354838709,,,,,
2021-07-01,7,2021,Trans Mountain Pipeline ULC,Trans Mountain pipeline,Sumas,49.0766,-122.203,south,export,domestic heavy,0.0,,,,,
2021-07-01,7,2021,Trans Mountain Pipeline ULC,Trans Mountain pipeline,Sumas,49.0766,-122.203,south,export,domestic light,25.6908903225806,,,,,
2021-07-01,7,2021,Trans Mountain Pipeline ULC,Trans Mountain pipeline,Sumas,49.0766,-122.203,south,export,refined petroleum products,0.0,,,,,
2021-07-01,7,2021,Trans Mountain Pipeline ULC,Trans Mountain pipeline,Westridge,49.2908,-122.95,west,export,domestic heavy,9.97312258064516,,,,,
2021-07-01,7,2021,Trans Mountain Pipeline ULC,Trans Mountain pipeline,Westridge,49.2908,-122.95,west,export,domestic light,0.0,,,,,
2021-07-01,7,2021,Trans Mountain Pipeline ULC,Trans Mountain pipeline,Westridge,49.2908,-122.95,west,export,refined petroleum products,0.0,,,,,
2021-07-01,7,2021,Trans Mountain Pipeline ULC,Trans Mountain pipeline,system,,,,,,,,,,47.0,Maintenance
2021-08-01,8,2021,Trans Mountain Pipeline ULC,Trans Mountain pipeline,Burnaby,49.2685,-122.931,west,intracanada,domestic heavy,0.0,,,,,
2021-08-01,8,2021,Trans Mountain Pipeline ULC,Trans Mountain pipeline,Burnaby,49.2685,-122.931,west,intracanada,domestic light,8.29568064516129,,,,,
2021-08-01,8,2021,Trans Mountain Pipeline ULC,Trans Mountain pipeline,Burnaby,49.2685,-122.931,west,intracanada,refined petroleum products,5.92134516129032,,,,,
2021-08-01,8,2021,Trans Mountain Pipeline ULC,Trans Mountain pipeline,Sumas,49.0766,-122.203,south,export,domestic heavy,0.56078064516129,,,,,
2021-08-01,8,2021,Trans Mountain Pipeline ULC,Trans Mountain pipeline,Sumas,49.0766,-122.203,south,export,domestic light,33.3877516129032,,,,,
2021-08-01,8,2021,Trans Mountain Pipeline ULC,Trans Mountain pipeline,Sumas,49.0766,-122.203,south,export,refined petroleum products,0.0,,,,,
2021-08-01,8,2021,Trans Mountain Pipeline ULC,Trans Mountain pipeline,Westridge,49.2908,-122.95,west,export,domestic heavy,2.85060322580645,,,,,
2021-08-01,8,2021,Trans Mountain Pipeline ULC,Trans Mountain pipeline,Westridge,49.2908,-122.95,west,export,domestic light,0.0,,,,,
2021-08-01,8,2021,Trans Mountain Pipeline ULC,Trans Mountain pipeline,Westridge,49.2908,-122.95,west,export,refined petroleum products,0.0,,,,,
2021-08-01,8,2021,Trans Mountain Pipeline ULC,Trans Mountain pipeline,system,,,,,,,,,,53.0,Maintenance
2021-09-01,9,2021,Trans Mountain Pipeline ULC,Trans Mountain pipeline,Burnaby,49.2685,-122.931,west,intracanada,domestic heavy,0.0,,,,,
2021-09-01,9,2021,Trans Mountain Pipeline ULC,Trans Mountain pipeline,Burnaby,49.2685,-122.931,west,intracanada,domestic light,7.78370333333333,,,,,
2021-09-01,9,2021,Trans Mountain Pipeline ULC,Trans Mountain pipeline,Burnaby,49.2685,-122.931,west,intracanada,refined petroleum products,4.15368,,,,,
2021-09-01,9,2021,Trans Mountain Pipeline ULC,Trans Mountain pipeline,Sumas,49.0766,-122.203,south,export,domestic heavy,0.0,,,,,
2021-09-01,9,2021,Trans Mountain Pipeline ULC,Trans Mountain pipeline,Sumas,49.0766,-122.203,south,export,domestic light,30.5979,,,,,
2021-09-01,9,2021,Trans Mountain Pipeline ULC,Trans Mountain pipeline,Sumas,49.0766,-122.203,south,export,refined petroleum products,0.0,,,,,
2021-09-01,9,2021,Trans Mountain Pipeline ULC,Trans Mountain pipeline,Westridge,49.2908,-122.95,west,export,domestic heavy,7.3957,,,,,
2021-09-01,9,2021,Trans Mountain Pipeline ULC,Trans Mountain pipeline,Westridge,49.2908,-122.95,west,export,domestic light,0.0,,,,,
2021-09-01,9,2021,Trans Mountain Pipeline ULC,Trans Mountain pipeline,Westridge,49.2908,-122.95,west,export,refined petroleum products,0.0,,,,,
2021-09-01,9,2021,Trans Mountain Pipeline ULC,Trans Mountain pipeline,system,,,,,,,,,,52.0,Maintenance
2021-10-01,10,2021,Trans Mountain Pipeline ULC,Trans Mountain pipeline,Burnaby,49.2685,-122.931,west,intracanada,domestic heavy,0.0,,,,,
2021-10-01,10,2021,Trans Mountain Pipeline ULC,Trans Mountain pipeline,Burnaby,49.2685,-122.931,west,intracanada,domestic light,2.87168709677419,,,,,
2021-10-01,10,2021,Trans Mountain Pipeline ULC,Trans Mountain pipeline,Burnaby,49.2685,-122.931,west,intracanada,refined petroleum products,5.96662903225806,,,,,
2021-10-01,10,2021,Trans Mountain Pipeline ULC,Trans Mountain pipeline,Sumas,49.0766,-122.203,south,export,domestic heavy,0.0,,,,,
2021-10-01,10,2021,Trans Mountain Pipeline ULC,Trans Mountain pipeline,Sumas,49.0766,-122.203,south,export,domestic light,32.2086193548387,,,,,
2021-10-01,10,2021,Trans Mountain Pipeline ULC,Trans Mountain pipeline,Sumas,49.0766,-122.203,south,export,refined petroleum products,0.0,,,,,
2021-10-01,10,2021,Trans Mountain Pipeline ULC,Trans Mountain pipeline,Westridge,49.2908,-122.95,west,export,domestic heavy,7.68825806451612,,,,,
2021-10-01,10,2021,Trans Mountain Pipeline ULC,Trans Mountain pipeline,Westridge,49.2908,-122.95,west,export,domestic light,0.0,,,,,
2021-10-01,10,2021,Trans Mountain Pipeline ULC,Trans Mountain pipeline,Westridge,49.2908,-122.95,west,export,refined petroleum products,0.0,,,,,
2021-10-01,10,2021,Trans Mountain Pipeline ULC,Trans Mountain pipeline,system,,,,,,,,,,47.0,Carryover / Maintenance
2021-11-01,11,2021,Trans Mountain Pipeline ULC,Trans Mountain pipeline,Burnaby,49.2685,-122.931,west,intracanada,domestic heavy,0.0,,,,,
2021-11-01,11,2021,Trans Mountain Pipeline ULC,Trans Mountain pipeline,Burnaby,49.2685,-122.931,west,intracanada,domestic light,4.13582333333333,,,,,
2021-11-01,11,2021,Trans Mountain Pipeline ULC,Trans Mountain pipeline,Burnaby,49.2685,-122.931,west,intracanada,refined petroleum products,2.40059666666666,,,,,
2021-11-01,11,2021,Trans Mountain Pipeline ULC,Trans Mountain pipeline,Sumas,49.0766,-122.203,south,export,domestic heavy,0.35213,,,,,
2021-11-01,11,2021,Trans Mountain Pipeline ULC,Trans Mountain pipeline,Sumas,49.0766,-122.203,south,export,domestic light,12.2373466666666,,,,,
2021-11-01,11,2021,Trans Mountain Pipeline ULC,Trans Mountain pipeline,Sumas,49.0766,-122.203,south,export,refined petroleum products,0.0,,,,,
2021-11-01,11,2021,Trans Mountain Pipeline ULC,Trans Mountain pipeline,Westridge,49.2908,-122.95,west,export,domestic heavy,5.37407666666666,,,,,
2021-11-01,11,2021,Trans Mountain Pipeline ULC,Trans Mountain pipeline,Westridge,49.2908,-122.95,west,export,domestic light,0.0,,,,,
2021-11-01,11,2021,Trans Mountain Pipeline ULC,Trans Mountain pipeline,Westridge,49.2908,-122.95,west,export,refined petroleum products,0.0,,,,,
2021-11-01,11,2021,Trans Mountain Pipeline ULC,Trans Mountain pipeline,system,,,,,,,,,,23.729037920064354,BC Flood Event/Force Majeure
2021-12-01,12,2021,Trans Mountain Pipeline ULC,Trans Mountain pipeline,Burnaby,49.2685,-122.931,west,intracanada,domestic heavy,0.0,,,,,
2021-12-01,12,2021,Trans Mountain Pipeline ULC,Trans Mountain pipeline,Burnaby,49.2685,-122.931,west,intracanada,domestic light,4.96356129032258,,,,,
2021-12-01,12,2021,Trans Mountain Pipeline ULC,Trans Mountain pipeline,Burnaby,49.2685,-122.931,west,intracanada,refined petroleum products,4.02972903225806,,,,,
2021-12-01,12,2021,Trans Mountain Pipeline ULC,Trans Mountain pipeline,Sumas,49.0766,-122.203,south,export,domestic heavy,0.0743612903225806,,,,,
2021-12-01,12,2021,Trans Mountain Pipeline ULC,Trans Mountain pipeline,Sumas,49.0766,-122.203,south,export,domestic light,22.242729032258,,,,,
2021-12-01,12,2021,Trans Mountain Pipeline ULC,Trans Mountain pipeline,Sumas,49.0766,-122.203,south,export,refined petroleum products,0.0,,,,,
2021-12-01,12,2021,Trans Mountain Pipeline ULC,Trans Mountain pipeline,Westridge,49.2908,-122.95,west,export,domestic heavy,2.97342903225806,,,,,
2021-12-01,12,2021,Trans Mountain Pipeline ULC,Trans Mountain pipeline,Westridge,49.2908,-122.95,west,export,domestic light,0.0,,,,,
2021-12-01,12,2021,Trans Mountain Pipeline ULC,Trans Mountain pipeline,Westridge,49.2908,-122.95,west,export,refined petroleum products,0.0,,,,,
2021-12-01,12,2021,Trans Mountain Pipeline ULC,Trans Mountain pipeline,system,,,,,,,,,,33.282358672201546,BC Flood Event/Force Majeure
2022-01-01,1,2022,Trans Mountain Pipeline ULC,Trans Mountain pipeline,Burnaby,49.2685,-122.931,west,intracanada,domestic heavy,0.0,,,,,
2022-01-01,1,2022,Trans Mountain Pipeline ULC,Trans Mountain pipeline,Burnaby,49.2685,-122.931,west,intracanada,domestic light,7.58549354838709,,,,,
2022-01-01,1,2022,Trans Mountain Pipeline ULC,Trans Mountain pipeline,Burnaby,49.2685,-122.931,west,intracanada,refined petroleum products,5.40689677419354,,,,,
2022-01-01,1,2022,Trans Mountain Pipeline ULC,Trans Mountain pipeline,Sumas,49.0766,-122.203,south,export,domestic heavy,0.0,,,,,
2022-01-01,1,2022,Trans Mountain Pipeline ULC,Trans Mountain pipeline,Sumas,49.0766,-122.203,south,export,domestic light,26.3747516129032,,,,,
2022-01-01,1,2022,Trans Mountain Pipeline ULC,Trans Mountain pipeline,Sumas,49.0766,-122.203,south,export,refined petroleum products,0.0,,,,,
2022-01-01,1,2022,Trans Mountain Pipeline ULC,Trans Mountain pipeline,Westridge,49.2908,-122.95,west,export,domestic heavy,3.0112,,,,,
2022-01-01,1,2022,Trans Mountain Pipeline ULC,Trans Mountain pipeline,Westridge,49.2908,-122.95,west,export,domestic light,2.50172903225806,,,,,
2022-01-01,1,2022,Trans Mountain Pipeline ULC,Trans Mountain pipeline,Westridge,49.2908,-122.95,west,export,refined petroleum products,0.0,,,,,
2022-01-01,1,2022,Trans Mountain Pipeline ULC,Trans Mountain pipeline,system,,,,,,,,,,45.0,Tail end of BC Floods impact
2022-02-01,2,2022,Trans Mountain Pipeline ULC,Trans Mountain pipeline,Burnaby,49.2685,-122.931,west,intracanada,domestic heavy,0.0,,,,,
2022-02-01,2,2022,Trans Mountain Pipeline ULC,Trans Mountain pipeline,Burnaby,49.2685,-122.931,west,intracanada,domestic light,7.45923214285714,,,,,
2022-02-01,2,2022,Trans Mountain Pipeline ULC,Trans Mountain pipeline,Burnaby,49.2685,-122.931,west,intracanada,refined petroleum products,7.45126071428571,,,,,
2022-02-01,2,2022,Trans Mountain Pipeline ULC,Trans Mountain pipeline,Sumas,49.0766,-122.203,south,export,domestic heavy,0.429660714285714,,,,,
2022-02-01,2,2022,Trans Mountain Pipeline ULC,Trans Mountain pipeline,Sumas,49.0766,-122.203,south,export,domestic light,32.2751892857142,,,,,
2022-02-01,2,2022,Trans Mountain Pipeline ULC,Trans Mountain pipeline,Sumas,49.0766,-122.203,south,export,refined petroleum products,0.0,,,,,
2022-02-01,2,2022,Trans Mountain Pipeline ULC,Trans Mountain pipeline,Westridge,49.2908,-122.95,west,export,domestic heavy,3.42654285714285,,,,,
2022-02-01,2,2022,Trans Mountain Pipeline ULC,Trans Mountain pipeline,Westridge,49.2908,-122.95,west,export,domestic light,0.0,,,,,
2022-02-01,2,2022,Trans Mountain Pipeline ULC,Trans Mountain pipeline,Westridge,49.2908,-122.95,west,export,refined petroleum products,0.0,,,,,
2022-02-01,2,2022,Trans Mountain Pipeline ULC,Trans Mountain pipeline,system,,,,,,,,,,51.0,
2022-03-01,3,2022,Trans Mountain Pipeline ULC,Trans Mountain pipeline,Burnaby,49.2685,-122.931,west,intracanada,domestic heavy,0.0,,,,,
2022-03-01,3,2022,Trans Mountain Pipeline ULC,Trans Mountain pipeline,Burnaby,49.2685,-122.931,west,intracanada,domestic light,7.32026451612903,,,,,
2022-03-01,3,2022,Trans Mountain Pipeline ULC,Trans Mountain pipeline,Burnaby,49.2685,-122.931,west,intracanada,refined petroleum products,6.88110322580645,,,,,
2022-03-01,3,2022,Trans Mountain Pipeline ULC,Trans Mountain pipeline,Sumas,49.0766,-122.203,south,export,domestic heavy,0.418183870967741,,,,,
2022-03-01,3,2022,Trans Mountain Pipeline ULC,Trans Mountain pipeline,Sumas,49.0766,-122.203,south,export,domestic light,25.2036838709677,,,,,
2022-03-01,3,2022,Trans Mountain Pipeline ULC,Trans Mountain pipeline,Sumas,49.0766,-122.203,south,export,refined petroleum products,0.0,,,,,
2022-03-01,3,2022,Trans Mountain Pipeline ULC,Trans Mountain pipeline,Westridge,49.2908,-122.95,west,export,domestic heavy,9.90894516129032,,,,,
2022-03-01,3,2022,Trans Mountain Pipeline ULC,Trans Mountain pipeline,Westridge,49.2908,-122.95,west,export,domestic light,0.0,,,,,
2022-03-01,3,2022,Trans Mountain Pipeline ULC,Trans Mountain pipeline,Westridge,49.2908,-122.95,west,export,refined petroleum products,0.0,,,,,
2022-03-01,3,2022,Trans Mountain Pipeline ULC,Trans Mountain pipeline,system,,,,,,,,,,54.0,Carryover
2022-04-01,4,2022,Trans Mountain Pipeline ULC,Trans Mountain pipeline,Burnaby,49.2685,-122.931,west,intracanada,domestic heavy,0.0,,,,,
2022-04-01,4,2022,Trans Mountain Pipeline ULC,Trans Mountain pipeline,Burnaby,49.2685,-122.931,west,intracanada,domestic light,7.54637666666666,,,,,
2022-04-01,4,2022,Trans Mountain Pipeline ULC,Trans Mountain pipeline,Burnaby,49.2685,-122.931,west,intracanada,refined petroleum products,4.53262,,,,,
2022-04-01,4,2022,Trans Mountain Pipeline ULC,Trans Mountain pipeline,Sumas,49.0766,-122.203,south,export,domestic heavy,0.0,,,,,
2022-04-01,4,2022,Trans Mountain Pipeline ULC,Trans Mountain pipeline,Sumas,49.0766,-122.203,south,export,domestic light,27.97348,,,,,
2022-04-01,4,2022,Trans Mountain Pipeline ULC,Trans Mountain pipeline,Sumas,49.0766,-122.203,south,export,refined petroleum products,0.0,,,,,
2022-04-01,4,2022,Trans Mountain Pipeline ULC,Trans Mountain pipeline,Westridge,49.2908,-122.95,west,export,domestic heavy,5.11443,,,,,
2022-04-01,4,2022,Trans Mountain Pipeline ULC,Trans Mountain pipeline,Westridge,49.2908,-122.95,west,export,domestic light,1.58873,,,,,
2022-04-01,4,2022,Trans Mountain Pipeline ULC,Trans Mountain pipeline,Westridge,49.2908,-122.95,west,export,refined petroleum products,0.0,,,,,
2022-04-01,4,2022,Trans Mountain Pipeline ULC,Trans Mountain pipeline,system,,,,,,,,,,47.0,Maintenance
2022-05-01,5,2022,Trans Mountain Pipeline ULC,Trans Mountain pipeline,Burnaby,49.2685,-122.931,west,intracanada,domestic heavy,0.0,,,,,
2022-05-01,5,2022,Trans Mountain Pipeline ULC,Trans Mountain pipeline,Burnaby,49.2685,-122.931,west,intracanada,domestic light,7.54962258064516,,,,,
2022-05-01,5,2022,Trans Mountain Pipeline ULC,Trans Mountain pipeline,Burnaby,49.2685,-122.931,west,intracanada,refined petroleum products,6.07179677419354,,,,,
2022-05-01,5,2022,Trans Mountain Pipeline ULC,Trans Mountain pipeline,Sumas,49.0766,-122.203,south,export,domestic heavy,0.0,,,,,
2022-05-01,5,2022,Trans Mountain Pipeline ULC,Trans Mountain pipeline,Sumas,49.0766,-122.203,south,export,domestic light,38.3497258064516,,,,,
2022-05-01,5,2022,Trans Mountain Pipeline ULC,Trans Mountain pipeline,Sumas,49.0766,-122.203,south,export,refined petroleum products,0.0,,,,,
2022-05-01,5,2022,Trans Mountain Pipeline ULC,Trans Mountain pipeline,Westridge,49.2908,-122.95,west,export,domestic heavy,2.73630322580645,,,,,
2022-05-01,5,2022,Trans Mountain Pipeline ULC,Trans Mountain pipeline,Westridge,49.2908,-122.95,west,export,domestic light,0.0,,,,,
2022-05-01,5,2022,Trans Mountain Pipeline ULC,Trans Mountain pipeline,Westridge,49.2908,-122.95,west,export,refined petroleum products,0.0,,,,,
2022-05-01,5,2022,Trans Mountain Pipeline ULC,Trans Mountain pipeline,system,,,,,,,,,,55.0,Carryover
2022-06-01,6,2022,Trans Mountain Pipeline ULC,Trans Mountain pipeline,Burnaby,49.2685,-122.931,west,intracanada,domestic heavy,0.0,,,,,
2022-06-01,6,2022,Trans Mountain Pipeline ULC,Trans Mountain pipeline,Burnaby,49.2685,-122.931,west,intracanada,domestic light,6.41665333333333,,,,,
2022-06-01,6,2022,Trans Mountain Pipeline ULC,Trans Mountain pipeline,Burnaby,49.2685,-122.931,west,intracanada,refined petroleum products,4.05512333333333,,,,,
2022-06-01,6,2022,Trans Mountain Pipeline ULC,Trans Mountain pipeline,Sumas,49.0766,-122.203,south,export,domestic heavy,0.0,,,,,
2022-06-01,6,2022,Trans Mountain Pipeline ULC,Trans Mountain pipeline,Sumas,49.0766,-122.203,south,export,domestic light,37.86775,,,,,
2022-06-01,6,2022,Trans Mountain Pipeline ULC,Trans Mountain pipeline,Sumas,49.0766,-122.203,south,export,refined petroleum products,0.0,,,,,
2022-06-01,6,2022,Trans Mountain Pipeline ULC,Trans Mountain pipeline,Westridge,49.2908,-122.95,west,export,domestic heavy,5.37234666666666,,,,,
2022-06-01,6,2022,Trans Mountain Pipeline ULC,Trans Mountain pipeline,Westridge,49.2908,-122.95,west,export,domestic light,0.0,,,,,
2022-06-01,6,2022,Trans Mountain Pipeline ULC,Trans Mountain pipeline,Westridge,49.2908,-122.95,west,export,refined petroleum products,0.0,,,,,
2022-06-01,6,2022,Trans Mountain Pipeline ULC,Trans Mountain pipeline,system,,,,,,,,,,54.0,Maintenance
2022-07-01,7,2022,Trans Mountain Pipeline ULC,Trans Mountain pipeline,Burnaby,49.2685,-122.931,west,intracanada,domestic heavy,0.0,,,,,
2022-07-01,7,2022,Trans Mountain Pipeline ULC,Trans Mountain pipeline,Burnaby,49.2685,-122.931,west,intracanada,domestic light,6.76648064516129,,,,,
2022-07-01,7,2022,Trans Mountain Pipeline ULC,Trans Mountain pipeline,Burnaby,49.2685,-122.931,west,intracanada,refined petroleum products,7.42684838709677,,,,,
2022-07-01,7,2022,Trans Mountain Pipeline ULC,Trans Mountain pipeline,Sumas,49.0766,-122.203,south,export,domestic heavy,0.0,,,,,
2022-07-01,7,2022,Trans Mountain Pipeline ULC,Trans Mountain pipeline,Sumas,49.0766,-122.203,south,export,domestic light,40.5196709677419,,,,,
2022-07-01,7,2022,Trans Mountain Pipeline ULC,Trans Mountain pipeline,Sumas,49.0766,-122.203,south,export,refined petroleum products,0.0,,,,,
2022-07-01,7,2022,Trans Mountain Pipeline ULC,Trans Mountain pipeline,Westridge,49.2908,-122.95,west,export,domestic heavy,0.867222580645161,,,,,
2022-07-01,7,2022,Trans Mountain Pipeline ULC,Trans Mountain pipeline,Westridge,49.2908,-122.95,west,export,domestic light,1.97075161290322,,,,,
2022-07-01,7,2022,Trans Mountain Pipeline ULC,Trans Mountain pipeline,Westridge,49.2908,-122.95,west,export,refined petroleum products,0.0,,,,,
2022-07-01,7,2022,Trans Mountain Pipeline ULC,Trans Mountain pipeline,system,,,,,,,,,,52.0,Carryover/Crude Call
2022-08-01,8,2022,Trans Mountain Pipeline ULC,Trans Mountain pipeline,Burnaby,49.2685,-122.931,west,intracanada,domestic heavy,0.0,,,,,
2022-08-01,8,2022,Trans Mountain Pipeline ULC,Trans Mountain pipeline,Burnaby,49.2685,-122.931,west,intracanada,domestic light,7.72746774193548,,,,,
2022-08-01,8,2022,Trans Mountain Pipeline ULC,Trans Mountain pipeline,Burnaby,49.2685,-122.931,west,intracanada,refined petroleum products,5.81715483870967,,,,,
2022-08-01,8,2022,Trans Mountain Pipeline ULC,Trans Mountain pipeline,Sumas,49.0766,-122.203,south,export,domestic heavy,0.0,,,,,
2022-08-01,8,2022,Trans Mountain Pipeline ULC,Trans Mountain pipeline,Sumas,49.0766,-122.203,south,export,domestic light,38.7548903225806,,,,,
2022-08-01,8,2022,Trans Mountain Pipeline ULC,Trans Mountain pipeline,Sumas,49.0766,-122.203,south,export,refined petroleum products,0.0,,,,,
2022-08-01,8,2022,Trans Mountain Pipeline ULC,Trans Mountain pipeline,Westridge,49.2908,-122.95,west,export,domestic heavy,0.0,,,,,
2022-08-01,8,2022,Trans Mountain Pipeline ULC,Trans Mountain pipeline,Westridge,49.2908,-122.95,west,export,domestic light,0.841690322580645,,,,,
2022-08-01,8,2022,Trans Mountain Pipeline ULC,Trans Mountain pipeline,Westridge,49.2908,-122.95,west,export,refined petroleum products,0.0,,,,,
2022-08-01,8,2022,Trans Mountain Pipeline ULC,Trans Mountain pipeline,system,,,,,,,,,,58.0,
2022-09-01,9,2022,Trans Mountain Pipeline ULC,Trans Mountain pipeline,Burnaby,49.2685,-122.931,west,intracanada,domestic heavy,0.0,,,,,
2022-09-01,9,2022,Trans Mountain Pipeline ULC,Trans Mountain pipeline,Burnaby,49.2685,-122.931,west,intracanada,domestic light,7.96494333333333,,,,,
2022-09-01,9,2022,Trans Mountain Pipeline ULC,Trans Mountain pipeline,Burnaby,49.2685,-122.931,west,intracanada,refined petroleum products,5.11666666666666,,,,,
2022-09-01,9,2022,Trans Mountain Pipeline ULC,Trans Mountain pipeline,Sumas,49.0766,-122.203,south,export,domestic heavy,0.0,,,,,
2022-09-01,9,2022,Trans Mountain Pipeline ULC,Trans Mountain pipeline,Sumas,49.0766,-122.203,south,export,domestic light,27.8277033333333,,,,,
2022-09-01,9,2022,Trans Mountain Pipeline ULC,Trans Mountain pipeline,Sumas,49.0766,-122.203,south,export,refined petroleum products,0.0,,,,,
2022-09-01,9,2022,Trans Mountain Pipeline ULC,Trans Mountain pipeline,Westridge,49.2908,-122.95,west,export,domestic heavy,6.04994333333333,,,,,
2022-09-01,9,2022,Trans Mountain Pipeline ULC,Trans Mountain pipeline,Westridge,49.2908,-122.95,west,export,domestic light,4.02287,,,,,
2022-09-01,9,2022,Trans Mountain Pipeline ULC,Trans Mountain pipeline,Westridge,49.2908,-122.95,west,export,refined petroleum products,0.0,,,,,
2022-09-01,9,2022,Trans Mountain Pipeline ULC,Trans Mountain pipeline,system,,,,,,,,,,49.0,Maintenance
2022-10-01,10,2022,Trans Mountain Pipeline ULC,Trans Mountain pipeline,Burnaby,49.2685,-122.931,west,intracanada,domestic heavy,0.0,,,,,
2022-10-01,10,2022,Trans Mountain Pipeline ULC,Trans Mountain pipeline,Burnaby,49.2685,-122.931,west,intracanada,domestic light,8.32856129032258,,,,,
2022-10-01,10,2022,Trans Mountain Pipeline ULC,Trans Mountain pipeline,Burnaby,49.2685,-122.931,west,intracanada,refined petroleum products,4.44534193548387,,,,,
2022-10-01,10,2022,Trans Mountain Pipeline ULC,Trans Mountain pipeline,Sumas,49.0766,-122.203,south,export,domestic heavy,0.0,,,,,
2022-10-01,10,2022,Trans Mountain Pipeline ULC,Trans Mountain pipeline,Sumas,49.0766,-122.203,south,export,domestic light,29.7921903225806,,,,,
2022-10-01,10,2022,Trans Mountain Pipeline ULC,Trans Mountain pipeline,Sumas,49.0766,-122.203,south,export,refined petroleum products,0.0,,,,,
2022-10-01,10,2022,Trans Mountain Pipeline ULC,Trans Mountain pipeline,Westridge,49.2908,-122.95,west,export,domestic heavy,8.31562903225806,,,,,
2022-10-01,10,2022,Trans Mountain Pipeline ULC,Trans Mountain pipeline,Westridge,49.2908,-122.95,west,export,domestic light,0.435051612903225,,,,,
2022-10-01,10,2022,Trans Mountain Pipeline ULC,Trans Mountain pipeline,Westridge,49.2908,-122.95,west,export,refined petroleum products,0.0,,,,,
2022-10-01,10,2022,Trans Mountain Pipeline ULC,Trans Mountain pipeline,system,,,,,,,,,,53.0,
2022-11-01,11,2022,Trans Mountain Pipeline ULC,Trans Mountain pipeline,Burnaby,49.2685,-122.931,west,intracanada,domestic heavy,0.0,,,,,
2022-11-01,11,2022,Trans Mountain Pipeline ULC,Trans Mountain pipeline,Burnaby,49.2685,-122.931,west,intracanada,domestic light,7.88084666666666,,,,,
2022-11-01,11,2022,Trans Mountain Pipeline ULC,Trans Mountain pipeline,Burnaby,49.2685,-122.931,west,intracanada,refined petroleum products,4.54621333333333,,,,,
2022-11-01,11,2022,Trans Mountain Pipeline ULC,Trans Mountain pipeline,Sumas,49.0766,-122.203,south,export,domestic heavy,0.0,,,,,
2022-11-01,11,2022,Trans Mountain Pipeline ULC,Trans Mountain pipeline,Sumas,49.0766,-122.203,south,export,domestic light,32.04684,,,,,
2022-11-01,11,2022,Trans Mountain Pipeline ULC,Trans Mountain pipeline,Sumas,49.0766,-122.203,south,export,refined petroleum products,0.0,,,,,
2022-11-01,11,2022,Trans Mountain Pipeline ULC,Trans Mountain pipeline,Westridge,49.2908,-122.95,west,export,domestic heavy,0.447346666666666,,,,,
2022-11-01,11,2022,Trans Mountain Pipeline ULC,Trans Mountain pipeline,Westridge,49.2908,-122.95,west,export,domestic light,0.0,,,,,
2022-11-01,11,2022,Trans Mountain Pipeline ULC,Trans Mountain pipeline,Westridge,49.2908,-122.95,west,export,refined petroleum products,0.0,,,,,
2022-11-01,11,2022,Trans Mountain Pipeline ULC,Trans Mountain pipeline,system,,,,,,,,,,48.0,Maintenance/Carryover
2022-12-01,12,2022,Trans Mountain Pipeline ULC,Trans Mountain pipeline,Burnaby,49.2685,-122.931,west,intracanada,domestic heavy,0.0,,,,,
2022-12-01,12,2022,Trans Mountain Pipeline ULC,Trans Mountain pipeline,Burnaby,49.2685,-122.931,west,intracanada,domestic light,7.45601612903225,,,,,
2022-12-01,12,2022,Trans Mountain Pipeline ULC,Trans Mountain pipeline,Burnaby,49.2685,-122.931,west,intracanada,refined petroleum products,6.42843870967741,,,,,
2022-12-01,12,2022,Trans Mountain Pipeline ULC,Trans Mountain pipeline,Sumas,49.0766,-122.203,south,export,domestic heavy,0.0,,,,,
2022-12-01,12,2022,Trans Mountain Pipeline ULC,Trans Mountain pipeline,Sumas,49.0766,-122.203,south,export,domestic light,39.9485064516129,,,,,
2022-12-01,12,2022,Trans Mountain Pipeline ULC,Trans Mountain pipeline,Sumas,49.0766,-122.203,south,export,refined petroleum products,0.0,,,,,
2022-12-01,12,2022,Trans Mountain Pipeline ULC,Trans Mountain pipeline,Westridge,49.2908,-122.95,west,export,domestic heavy,3.16226774193548,,,,,
2022-12-01,12,2022,Trans Mountain Pipeline ULC,Trans Mountain pipeline,Westridge,49.2908,-122.95,west,export,domestic light,0.0,,,,,
2022-12-01,12,2022,Trans Mountain Pipeline ULC,Trans Mountain pipeline,Westridge,49.2908,-122.95,west,export,refined petroleum products,0.0,,,,,
2022-12-01,12,2022,Trans Mountain Pipeline ULC,Trans Mountain pipeline,system,,,,,,,,,,55.0,
2023-01-01,1,2023,Trans Mountain Pipeline ULC,Trans Mountain pipeline,Burnaby,49.2685,-122.931,west,intracanada,domestic heavy,0.0,,,,,
2023-01-01,1,2023,Trans Mountain Pipeline ULC,Trans Mountain pipeline,Burnaby,49.2685,-122.931,west,intracanada,domestic light,7.53176451612903,,,,,
2023-01-01,1,2023,Trans Mountain Pipeline ULC,Trans Mountain pipeline,Burnaby,49.2685,-122.931,west,intracanada,refined petroleum products,6.83623225806451,,,,,
2023-01-01,1,2023,Trans Mountain Pipeline ULC,Trans Mountain pipeline,Sumas,49.0766,-122.203,south,export,domestic heavy,0.0,,,,,
2023-01-01,1,2023,Trans Mountain Pipeline ULC,Trans Mountain pipeline,Sumas,49.0766,-122.203,south,export,domestic light,38.0553451612903,,,,,
2023-01-01,1,2023,Trans Mountain Pipeline ULC,Trans Mountain pipeline,Sumas,49.0766,-122.203,south,export,refined petroleum products,0.0,,,,,
2023-01-01,1,2023,Trans Mountain Pipeline ULC,Trans Mountain pipeline,Westridge,49.2908,-122.95,west,export,domestic heavy,5.06425161290322,,,,,
2023-01-01,1,2023,Trans Mountain Pipeline ULC,Trans Mountain pipeline,Westridge,49.2908,-122.95,west,export,domestic light,0.0,,,,,
2023-01-01,1,2023,Trans Mountain Pipeline ULC,Trans Mountain pipeline,Westridge,49.2908,-122.95,west,export,refined petroleum products,0.0,,,,,
2023-01-01,1,2023,Trans Mountain Pipeline ULC,Trans Mountain pipeline,system,,,,,,,,,,54.0,
2023-02-01,2,2023,Trans Mountain Pipeline ULC,Trans Mountain pipeline,Burnaby,49.2685,-122.931,west,intracanada,domestic heavy,0.0,,,,,
2023-02-01,2,2023,Trans Mountain Pipeline ULC,Trans Mountain pipeline,Burnaby,49.2685,-122.931,west,intracanada,domestic light,0.265364285714285,,,,,
2023-02-01,2,2023,Trans Mountain Pipeline ULC,Trans Mountain pipeline,Burnaby,49.2685,-122.931,west,intracanada,refined petroleum products,6.26948928571428,,,,,
2023-02-01,2,2023,Trans Mountain Pipeline ULC,Trans Mountain pipeline,Sumas,49.0766,-122.203,south,export,domestic heavy,0.0,,,,,
2023-02-01,2,2023,Trans Mountain Pipeline ULC,Trans Mountain pipeline,Sumas,49.0766,-122.203,south,export,domestic light,36.1839642857142,,,,,
2023-02-01,2,2023,Trans Mountain Pipeline ULC,Trans Mountain pipeline,Sumas,49.0766,-122.203,south,export,refined petroleum products,0.0,,,,,
2023-02-01,2,2023,Trans Mountain Pipeline ULC,Trans Mountain pipeline,Westridge,49.2908,-122.95,west,export,domestic heavy,7.12313214285714,,,,,
2023-02-01,2,2023,Trans Mountain Pipeline ULC,Trans Mountain pipeline,Westridge,49.2908,-122.95,west,export,domestic light,0.0,,,,,
2023-02-01,2,2023,Trans Mountain Pipeline ULC,Trans Mountain pipeline,Westridge,49.2908,-122.95,west,export,refined petroleum products,0.0,,,,,
2023-02-01,2,2023,Trans Mountain Pipeline ULC,Trans Mountain pipeline,system,,,,,,,,,,55.0,
2023-03-01,3,2023,Trans Mountain Pipeline ULC,Trans Mountain pipeline,Burnaby,49.2685,-122.931,west,intracanada,domestic heavy,0.0,,,,,
2023-03-01,3,2023,Trans Mountain Pipeline ULC,Trans Mountain pipeline,Burnaby,49.2685,-122.931,west,intracanada,domestic light,0.586151612903225,,,,,
2023-03-01,3,2023,Trans Mountain Pipeline ULC,Trans Mountain pipeline,Burnaby,49.2685,-122.931,west,intracanada,refined petroleum products,6.75598064516129,,,,,
2023-03-01,3,2023,Trans Mountain Pipeline ULC,Trans Mountain pipeline,Sumas,49.0766,-122.203,south,export,domestic heavy,0.0,,,,,
2023-03-01,3,2023,Trans Mountain Pipeline ULC,Trans Mountain pipeline,Sumas,49.0766,-122.203,south,export,domestic light,34.3618516129032,,,,,
2023-03-01,3,2023,Trans Mountain Pipeline ULC,Trans Mountain pipeline,Sumas,49.0766,-122.203,south,export,refined petroleum products,0.0,,,,,
2023-03-01,3,2023,Trans Mountain Pipeline ULC,Trans Mountain pipeline,Westridge,49.2908,-122.95,west,export,domestic heavy,9.94068709677419,,,,,
2023-03-01,3,2023,Trans Mountain Pipeline ULC,Trans Mountain pipeline,Westridge,49.2908,-122.95,west,export,domestic light,0.813735483870967,,,,,
2023-03-01,3,2023,Trans Mountain Pipeline ULC,Trans Mountain pipeline,Westridge,49.2908,-122.95,west,export,refined petroleum products,0.395867741935483,,,,,
2023-03-01,3,2023,Trans Mountain Pipeline ULC,Trans Mountain pipeline,system,,,,,,,,,,55.0,Carryover
2023-04-01,4,2023,Trans Mountain Pipeline ULC,Trans Mountain pipeline,Burnaby,49.2685,-122.931,west,intracanada,domestic heavy,0.0,,,,,
2023-04-01,4,2023,Trans Mountain Pipeline ULC,Trans Mountain pipeline,Burnaby,49.2685,-122.931,west,intracanada,domestic light,7.54710333333333,,,,,
2023-04-01,4,2023,Trans Mountain Pipeline ULC,Trans Mountain pipeline,Burnaby,49.2685,-122.931,west,intracanada,refined petroleum products,2.92270666666666,,,,,
2023-04-01,4,2023,Trans Mountain Pipeline ULC,Trans Mountain pipeline,Sumas,49.0766,-122.203,south,export,domestic heavy,0.0,,,,,
2023-04-01,4,2023,Trans Mountain Pipeline ULC,Trans Mountain pipeline,Sumas,49.0766,-122.203,south,export,domestic light,34.9914133333333,,,,,
2023-04-01,4,2023,Trans Mountain Pipeline ULC,Trans Mountain pipeline,Sumas,49.0766,-122.203,south,export,refined petroleum products,0.0,,,,,
2023-04-01,4,2023,Trans Mountain Pipeline ULC,Trans Mountain pipeline,Westridge,49.2908,-122.95,west,export,domestic heavy,11.3946,,,,,
2023-04-01,4,2023,Trans Mountain Pipeline ULC,Trans Mountain pipeline,Westridge,49.2908,-122.95,west,export,domestic light,0.741013333333333,,,,,
2023-04-01,4,2023,Trans Mountain Pipeline ULC,Trans Mountain pipeline,Westridge,49.2908,-122.95,west,export,refined petroleum products,0.0,,,,,
2023-04-01,4,2023,Trans Mountain Pipeline ULC,Trans Mountain pipeline,system,,,,,,,,,,55.0,Less Heavy Than Last Month
2023-05-01,5,2023,Trans Mountain Pipeline ULC,Trans Mountain pipeline,Burnaby,49.2685,-122.931,west,intracanada,domestic heavy,0.0,,,,,
2023-05-01,5,2023,Trans Mountain Pipeline ULC,Trans Mountain pipeline,Burnaby,49.2685,-122.931,west,intracanada,domestic light,7.33957419354838,,,,,
2023-05-01,5,2023,Trans Mountain Pipeline ULC,Trans Mountain pipeline,Burnaby,49.2685,-122.931,west,intracanada,refined petroleum products,6.4543064516129,,,,,
2023-05-01,5,2023,Trans Mountain Pipeline ULC,Trans Mountain pipeline,Sumas,49.0766,-122.203,south,export,domestic heavy,0.0,,,,,
2023-05-01,5,2023,Trans Mountain Pipeline ULC,Trans Mountain pipeline,Sumas,49.0766,-122.203,south,export,domestic light,39.7249483870967,,,,,
2023-05-01,5,2023,Trans Mountain Pipeline ULC,Trans Mountain pipeline,Sumas,49.0766,-122.203,south,export,refined petroleum products,0.0,,,,,
2023-05-01,5,2023,Trans Mountain Pipeline ULC,Trans Mountain pipeline,Westridge,49.2908,-122.95,west,export,domestic heavy,0.0,,,,,
2023-05-01,5,2023,Trans Mountain Pipeline ULC,Trans Mountain pipeline,Westridge,49.2908,-122.95,west,export,domestic light,0.0,,,,,
2023-05-01,5,2023,Trans Mountain Pipeline ULC,Trans Mountain pipeline,Westridge,49.2908,-122.95,west,export,refined petroleum products,0.0,,,,,
2023-05-01,5,2023,Trans Mountain Pipeline ULC,Trans Mountain pipeline,system,,,,,,,,,,55.0,Crude Call
2023-06-01,6,2023,Trans Mountain Pipeline ULC,Trans Mountain pipeline,Burnaby,49.2685,-122.931,west,intracanada,domestic heavy,0.0,,,,,
2023-06-01,6,2023,Trans Mountain Pipeline ULC,Trans Mountain pipeline,Burnaby,49.2685,-122.931,west,intracanada,domestic light,7.69475333333333,,,,,
2023-06-01,6,2023,Trans Mountain Pipeline ULC,Trans Mountain pipeline,Burnaby,49.2685,-122.931,west,intracanada,refined petroleum products,4.76020333333333,,,,,
2023-06-01,6,2023,Trans Mountain Pipeline ULC,Trans Mountain pipeline,Sumas,49.0766,-122.203,south,export,domestic heavy,0.0,,,,,
2023-06-01,6,2023,Trans Mountain Pipeline ULC,Trans Mountain pipeline,Sumas,49.0766,-122.203,south,export,domestic light,36.39632,,,,,
2023-06-01,6,2023,Trans Mountain Pipeline ULC,Trans Mountain pipeline,Sumas,49.0766,-122.203,south,export,refined petroleum products,0.0,,,,,
2023-06-01,6,2023,Trans Mountain Pipeline ULC,Trans Mountain pipeline,Westridge,49.2908,-122.95,west,export,domestic heavy,5.80099333333333,,,,,
2023-06-01,6,2023,Trans Mountain Pipeline ULC,Trans Mountain pipeline,Westridge,49.2908,-122.95,west,export,domestic light,0.79382,,,,,
2023-06-01,6,2023,Trans Mountain Pipeline ULC,Trans Mountain pipeline,Westridge,49.2908,-122.95,west,export,refined petroleum products,0.0,,,,,
2023-06-01,6,2023,Trans Mountain Pipeline ULC,Trans Mountain pipeline,system,,,,,,,,,,57.0,Only 1 Heavy Aframax
2023-07-01,7,2023,Trans Mountain Pipeline ULC,Trans Mountain pipeline,Burnaby,49.2685,-122.931,west,intracanada,domestic heavy,0.0,,,,,
2023-07-01,7,2023,Trans Mountain Pipeline ULC,Trans Mountain pipeline,Burnaby,49.2685,-122.931,west,intracanada,domestic light,8.2339064516129,,,,,
2023-07-01,7,2023,Trans Mountain Pipeline ULC,Trans Mountain pipeline,Burnaby,49.2685,-122.931,west,intracanada,refined petroleum products,5.97990322580645,,,,,
2023-07-01,7,2023,Trans Mountain Pipeline ULC,Trans Mountain pipeline,Sumas,49.0766,-122.203,south,export,domestic heavy,0.0,,,,,
2023-07-01,7,2023,Trans Mountain Pipeline ULC,Trans Mountain pipeline,Sumas,49.0766,-122.203,south,export,domestic light,39.5749225806451,,,,,
2023-07-01,7,2023,Trans Mountain Pipeline ULC,Trans Mountain pipeline,Sumas,49.0766,-122.203,south,export,refined petroleum products,0.0,,,,,
2023-07-01,7,2023,Trans Mountain Pipeline ULC,Trans Mountain pipeline,Westridge,49.2908,-122.95,west,export,domestic heavy,2.81044838709677,,,,,
2023-07-01,7,2023,Trans Mountain Pipeline ULC,Trans Mountain pipeline,Westridge,49.2908,-122.95,west,export,domestic light,1.97739354838709,,,,,
2023-07-01,7,2023,Trans Mountain Pipeline ULC,Trans Mountain pipeline,Westridge,49.2908,-122.95,west,export,refined petroleum products,0.0,,,,,
2023-07-01,7,2023,Trans Mountain Pipeline ULC,Trans Mountain pipeline,system,,,,,,,,,,61.0,All Light Nominations
2023-08-01,8,2023,Trans Mountain Pipeline ULC,Trans Mountain pipeline,Burnaby,49.2685,-122.931,west,intracanada,domestic heavy,0.0,,,,,
2023-08-01,8,2023,Trans Mountain Pipeline ULC,Trans Mountain pipeline,Burnaby,49.2685,-122.931,west,intracanada,domestic light,8.23007741935483,,,,,
2023-08-01,8,2023,Trans Mountain Pipeline ULC,Trans Mountain pipeline,Burnaby,49.2685,-122.931,west,intracanada,refined petroleum products,5.67377096774193,,,,,
2023-08-01,8,2023,Trans Mountain Pipeline ULC,Trans Mountain pipeline,Sumas,49.0766,-122.203,south,export,domestic heavy,0.0,,,,,
2023-08-01,8,2023,Trans Mountain Pipeline ULC,Trans Mountain pipeline,Sumas,49.0766,-122.203,south,export,domestic light,39.2735483870967,,,,,
2023-08-01,8,2023,Trans Mountain Pipeline ULC,Trans Mountain pipeline,Sumas,49.0766,-122.203,south,export,refined petroleum products,0.0,,,,,
2023-08-01,8,2023,Trans Mountain Pipeline ULC,Trans Mountain pipeline,Westridge,49.2908,-122.95,west,export,domestic heavy,0.0,,,,,
2023-08-01,8,2023,Trans Mountain Pipeline ULC,Trans Mountain pipeline,Westridge,49.2908,-122.95,west,export,domestic light,5.37436129032258,,,,,
2023-08-01,8,2023,Trans Mountain Pipeline ULC,Trans Mountain pipeline,Westridge,49.2908,-122.95,west,export,refined petroleum products,0.0,,,,,
2023-08-01,8,2023,Trans Mountain Pipeline ULC,Trans Mountain pipeline,system,,,,,,,,,,58.0,Additional Heavy Nominated
2023-09-01,9,2023,Trans Mountain Pipeline ULC,Trans Mountain pipeline,Burnaby,49.2685,-122.931,west,intracanada,domestic heavy,0.0,,,,,
2023-09-01,9,2023,Trans Mountain Pipeline ULC,Trans Mountain pipeline,Burnaby,49.2685,-122.931,west,intracanada,domestic light,8.42795333333333,,,,,
2023-09-01,9,2023,Trans Mountain Pipeline ULC,Trans Mountain pipeline,Burnaby,49.2685,-122.931,west,intracanada,refined petroleum products,6.24021666666666,,,,,
2023-09-01,9,2023,Trans Mountain Pipeline ULC,Trans Mountain pipeline,Sumas,49.0766,-122.203,south,export,domestic heavy,0.0,,,,,
2023-09-01,9,2023,Trans Mountain Pipeline ULC,Trans Mountain pipeline,Sumas,49.0766,-122.203,south,export,domestic light,38.4878133333333,,,,,
2023-09-01,9,2023,Trans Mountain Pipeline ULC,Trans Mountain pipeline,Sumas,49.0766,-122.203,south,export,refined petroleum products,0.0,,,,,
2023-09-01,9,2023,Trans Mountain Pipeline ULC,Trans Mountain pipeline,Westridge,49.2908,-122.95,west,export,domestic heavy,3.03096666666666,,,,,
2023-09-01,9,2023,Trans Mountain Pipeline ULC,Trans Mountain pipeline,Westridge,49.2908,-122.95,west,export,domestic light,2.90251,,,,,
2023-09-01,9,2023,Trans Mountain Pipeline ULC,Trans Mountain pipeline,Westridge,49.2908,-122.95,west,export,refined petroleum products,0.0,,,,,
2023-09-01,9,2023,Trans Mountain Pipeline ULC,Trans Mountain pipeline,system,,,,,,,,,,56.0,Crude Call
2023-10-01,10,2023,Trans Mountain Pipeline ULC,Trans Mountain pipeline,Burnaby,49.2685,-122.931,west,intracanada,domestic heavy,0.0,,,,,
2023-10-01,10,2023,Trans Mountain Pipeline ULC,Trans Mountain pipeline,Burnaby,49.2685,-122.931,west,intracanada,domestic light,6.41659677419354,,,,,
2023-10-01,10,2023,Trans Mountain Pipeline ULC,Trans Mountain pipeline,Burnaby,49.2685,-122.931,west,intracanada,refined petroleum products,4.23357419354838,,,,,
2023-10-01,10,2023,Trans Mountain Pipeline ULC,Trans Mountain pipeline,Sumas,49.0766,-122.203,south,export,domestic heavy,0.0,,,,,
2023-10-01,10,2023,Trans Mountain Pipeline ULC,Trans Mountain pipeline,Sumas,49.0766,-122.203,south,export,domestic light,36.032593548387,,,,,
2023-10-01,10,2023,Trans Mountain Pipeline ULC,Trans Mountain pipeline,Sumas,49.0766,-122.203,south,export,refined petroleum products,0.0,,,,,
2023-10-01,10,2023,Trans Mountain Pipeline ULC,Trans Mountain pipeline,Westridge,49.2908,-122.95,west,export,domestic heavy,4.6142129032258,,,,,
2023-10-01,10,2023,Trans Mountain Pipeline ULC,Trans Mountain pipeline,Westridge,49.2908,-122.95,west,export,domestic light,2.41764516129032,,,,,
2023-10-01,10,2023,Trans Mountain Pipeline ULC,Trans Mountain pipeline,Westridge,49.2908,-122.95,west,export,refined petroleum products,0.0,,,,,
2023-10-01,10,2023,Trans Mountain Pipeline ULC,Trans Mountain pipeline,system,,,,,,,,,,55.0,Maintenance
2023-11-01,11,2023,Trans Mountain Pipeline ULC,Trans Mountain pipeline,Burnaby,49.2685,-122.931,west,intracanada,domestic heavy,0.0,,,,,
2023-11-01,11,2023,Trans Mountain Pipeline ULC,Trans Mountain pipeline,Burnaby,49.2685,-122.931,west,intracanada,domestic light,7.17097333333333,,,,,
2023-11-01,11,2023,Trans Mountain Pipeline ULC,Trans Mountain pipeline,Burnaby,49.2685,-122.931,west,intracanada,refined petroleum products,5.22929333333333,,,,,
2023-11-01,11,2023,Trans Mountain Pipeline ULC,Trans Mountain pipeline,Sumas,49.0766,-122.203,south,export,domestic heavy,0.0,,,,,
2023-11-01,11,2023,Trans Mountain Pipeline ULC,Trans Mountain pipeline,Sumas,49.0766,-122.203,south,export,domestic light,35.18804,,,,,
2023-11-01,11,2023,Trans Mountain Pipeline ULC,Trans Mountain pipeline,Sumas,49.0766,-122.203,south,export,refined petroleum products,0.0,,,,,
2023-11-01,11,2023,Trans Mountain Pipeline ULC,Trans Mountain pipeline,Westridge,49.2908,-122.95,west,export,domestic heavy,3.37747333333333,,,,,
2023-11-01,11,2023,Trans Mountain Pipeline ULC,Trans Mountain pipeline,Westridge,49.2908,-122.95,west,export,domestic light,3.66576666666666,,,,,
2023-11-01,11,2023,Trans Mountain Pipeline ULC,Trans Mountain pipeline,Westridge,49.2908,-122.95,west,export,refined petroleum products,0.0,,,,,
2023-11-01,11,2023,Trans Mountain Pipeline ULC,Trans Mountain pipeline,system,,,,,,,,,,55.0,Carryover
2023-12-01,12,2023,Trans Mountain Pipeline ULC,Trans Mountain pipeline,Burnaby,49.2685,-122.931,west,intracanada,domestic heavy,0.0,,,,,
2023-12-01,12,2023,Trans Mountain Pipeline ULC,Trans Mountain pipeline,Burnaby,49.2685,-122.931,west,intracanada,domestic light,8.05568064516129,,,,,
2023-12-01,12,2023,Trans Mountain Pipeline ULC,Trans Mountain pipeline,Burnaby,49.2685,-122.931,west,intracanada,refined petroleum products,5.54124838709677,,,,,
2023-12-01,12,2023,Trans Mountain Pipeline ULC,Trans Mountain pipeline,Sumas,49.0766,-122.203,south,export,domestic heavy,0.0,,,,,
2023-12-01,12,2023,Trans Mountain Pipeline ULC,Trans Mountain pipeline,Sumas,49.0766,-122.203,south,export,domestic light,32.4312548387096,,,,,
2023-12-01,12,2023,Trans Mountain Pipeline ULC,Trans Mountain pipeline,Sumas,49.0766,-122.203,south,export,refined petroleum products,0.0,,,,,
2023-12-01,12,2023,Trans Mountain Pipeline ULC,Trans Mountain pipeline,Westridge,49.2908,-122.95,west,export,domestic heavy,6.25900967741935,,,,,
2023-12-01,12,2023,Trans Mountain Pipeline ULC,Trans Mountain pipeline,Westridge,49.2908,-122.95,west,export,domestic light,0.0,,,,,
2023-12-01,12,2023,Trans Mountain Pipeline ULC,Trans Mountain pipeline,Westridge,49.2908,-122.95,west,export,refined petroleum products,0.0,,,,,
2023-12-01,12,2023,Trans Mountain Pipeline ULC,Trans Mountain pipeline,system,,,,,,,,,,51.0,Maintenance
2024-01-01,1,2024,Trans Mountain Pipeline ULC,Trans Mountain pipeline,Burnaby,49.2685,-122.931,west,intracanada,domestic heavy,0.0,,,,,
2024-01-01,1,2024,Trans Mountain Pipeline ULC,Trans Mountain pipeline,Burnaby,49.2685,-122.931,west,intracanada,domestic light,3.86869677419354,,,,,
2024-01-01,1,2024,Trans Mountain Pipeline ULC,Trans Mountain pipeline,Burnaby,49.2685,-122.931,west,intracanada,refined petroleum products,4.11715483870967,,,,,
2024-01-01,1,2024,Trans Mountain Pipeline ULC,Trans Mountain pipeline,Sumas,49.0766,-122.203,south,export,domestic heavy,0.0,,,,,
2024-01-01,1,2024,Trans Mountain Pipeline ULC,Trans Mountain pipeline,Sumas,49.0766,-122.203,south,export,domestic light,37.2016354838709,,,,,
2024-01-01,1,2024,Trans Mountain Pipeline ULC,Trans Mountain pipeline,Sumas,49.0766,-122.203,south,export,refined petroleum products,0.0,,,,,
2024-01-01,1,2024,Trans Mountain Pipeline ULC,Trans Mountain pipeline,Westridge,49.2908,-122.95,west,export,domestic heavy,5.92848709677419,,,,,
2024-01-01,1,2024,Trans Mountain Pipeline ULC,Trans Mountain pipeline,Westridge,49.2908,-122.95,west,export,domestic light,2.79786774193548,,,,,
2024-01-01,1,2024,Trans Mountain Pipeline ULC,Trans Mountain pipeline,Westridge,49.2908,-122.95,west,export,refined petroleum products,0.0,,,,,
2024-01-01,1,2024,Trans Mountain Pipeline ULC,Trans Mountain pipeline,system,,,,,,,,,,48.0,Maintenance
2024-02-01,2,2024,Trans Mountain Pipeline ULC,Trans Mountain pipeline,Burnaby,49.2685,-122.931,west,intracanada,domestic heavy,0.0,,,,,
2024-02-01,2,2024,Trans Mountain Pipeline ULC,Trans Mountain pipeline,Burnaby,49.2685,-122.931,west,intracanada,domestic light,0.0,,,,,
2024-02-01,2,2024,Trans Mountain Pipeline ULC,Trans Mountain pipeline,Burnaby,49.2685,-122.931,west,intracanada,refined petroleum products,8.28103448275862,,,,,
2024-02-01,2,2024,Trans Mountain Pipeline ULC,Trans Mountain pipeline,Sumas,49.0766,-122.203,south,export,domestic heavy,0.0,,,,,
2024-02-01,2,2024,Trans Mountain Pipeline ULC,Trans Mountain pipeline,Sumas,49.0766,-122.203,south,export,domestic light,40.7371689655172,,,,,
2024-02-01,2,2024,Trans Mountain Pipeline ULC,Trans Mountain pipeline,Sumas,49.0766,-122.203,south,export,refined petroleum products,0.0,,,,,
2024-02-01,2,2024,Trans Mountain Pipeline ULC,Trans Mountain pipeline,Westridge,49.2908,-122.95,west,export,domestic heavy,0.828955172413793,,,,,
2024-02-01,2,2024,Trans Mountain Pipeline ULC,Trans Mountain pipeline,Westridge,49.2908,-122.95,west,export,domestic light,6.7916448275862,,,,,
2024-02-01,2,2024,Trans Mountain Pipeline ULC,Trans Mountain pipeline,Westridge,49.2908,-122.95,west,export,refined petroleum products,0.25251724137931,,,,,
2024-02-01,2,2024,Trans Mountain Pipeline ULC,Trans Mountain pipeline,system,,,,,,,,,,47.0,Maintenance
2024-03-01,3,2024,Trans Mountain Pipeline ULC,Trans Mountain pipeline,Burnaby,49.2685,-122.931,west,intracanada,domestic heavy,0.0,,,,,
2024-03-01,3,2024,Trans Mountain Pipeline ULC,Trans Mountain pipeline,Burnaby,49.2685,-122.931,west,intracanada,domestic light,1.47315483870967,,,,,
2024-03-01,3,2024,Trans Mountain Pipeline ULC,Trans Mountain pipeline,Burnaby,49.2685,-122.931,west,intracanada,refined petroleum products,5.9146129032258,,,,,
2024-03-01,3,2024,Trans Mountain Pipeline ULC,Trans Mountain pipeline,Sumas,49.0766,-122.203,south,export,domestic heavy,0.0,,,,,
2024-03-01,3,2024,Trans Mountain Pipeline ULC,Trans Mountain pipeline,Sumas,49.0766,-122.203,south,export,domestic light,34.6378612903225,,,,,
2024-03-01,3,2024,Trans Mountain Pipeline ULC,Trans Mountain pipeline,Sumas,49.0766,-122.203,south,export,refined petroleum products,0.0,,,,,
2024-03-01,3,2024,Trans Mountain Pipeline ULC,Trans Mountain pipeline,Westridge,49.2908,-122.95,west,export,domestic heavy,2.97612580645161,,,,,
2024-03-01,3,2024,Trans Mountain Pipeline ULC,Trans Mountain pipeline,Westridge,49.2908,-122.95,west,export,domestic light,2.81402258064516,,,,,
2024-03-01,3,2024,Trans Mountain Pipeline ULC,Trans Mountain pipeline,Westridge,49.2908,-122.95,west,export,refined petroleum products,0.0,,,,,
2024-03-01,3,2024,Trans Mountain Pipeline ULC,Trans Mountain pipeline,system,,,,,,,,,,50.0,Maintenance
2024-04-01,4,2024,Trans Mountain Pipeline ULC,Trans Mountain pipeline,Burnaby,49.2685,-122.931,west,intracanada,domestic heavy,0.0,,,,,
2024-04-01,4,2024,Trans Mountain Pipeline ULC,Trans Mountain pipeline,Burnaby,49.2685,-122.931,west,intracanada,domestic light,6.8346,,,,,
2024-04-01,4,2024,Trans Mountain Pipeline ULC,Trans Mountain pipeline,Burnaby,49.2685,-122.931,west,intracanada,refined petroleum products,3.47476,,,,,
2024-04-01,4,2024,Trans Mountain Pipeline ULC,Trans Mountain pipeline,Sumas,49.0766,-122.203,south,export,domestic heavy,0.0,,,,,
2024-04-01,4,2024,Trans Mountain Pipeline ULC,Trans Mountain pipeline,Sumas,49.0766,-122.203,south,export,domestic light,31.6685866666666,,,,,
2024-04-01,4,2024,Trans Mountain Pipeline ULC,Trans Mountain pipeline,Sumas,49.0766,-122.203,south,export,refined petroleum products,0.0,,,,,
2024-04-01,4,2024,Trans Mountain Pipeline ULC,Trans Mountain pipeline,Westridge,49.2908,-122.95,west,export,domestic heavy,0.432736666666666,,,,,
2024-04-01,4,2024,Trans Mountain Pipeline ULC,Trans Mountain pipeline,Westridge,49.2908,-122.95,west,export,domestic light,5.26845333333333,,,,,
2024-04-01,4,2024,Trans Mountain Pipeline ULC,Trans Mountain pipeline,Westridge,49.2908,-122.95,west,export,refined petroleum products,0.0,,,,,
2024-04-01,4,2024,Trans Mountain Pipeline ULC,Trans Mountain pipeline,system,,,,,,,,,,34.0,Maintenance
2024-05-01,5,2024,Trans Mountain Pipeline ULC,Trans Mountain pipeline,Burnaby,49.2685,-122.931,west,intracanada,domestic heavy,0.0,,,,,
2024-05-01,5,2024,Trans Mountain Pipeline ULC,Trans Mountain pipeline,Burnaby,49.2685,-122.931,west,intracanada,domestic light,8.28400967741935,,,,,
2024-05-01,5,2024,Trans Mountain Pipeline ULC,Trans Mountain pipeline,Burnaby,49.2685,-122.931,west,intracanada,refined petroleum products,6.89278064516129,,,,,
2024-05-01,5,2024,Trans Mountain Pipeline ULC,Trans Mountain pipeline,Sumas,49.0766,-122.203,south,export,domestic heavy,0.0,,,,,
2024-05-01,5,2024,Trans Mountain Pipeline ULC,Trans Mountain pipeline,Sumas,49.0766,-122.203,south,export,domestic light,38.1785548387096,,,,,
2024-05-01,5,2024,Trans Mountain Pipeline ULC,Trans Mountain pipeline,Sumas,49.0766,-122.203,south,export,refined petroleum products,0.0,,,,,
2024-05-01,5,2024,Trans Mountain Pipeline ULC,Trans Mountain pipeline,Westridge,49.2908,-122.95,west,export,domestic heavy,6.08376774193548,,,,,
2024-05-01,5,2024,Trans Mountain Pipeline ULC,Trans Mountain pipeline,Westridge,49.2908,-122.95,west,export,domestic light,5.92373870967741,,,,,
2024-05-01,5,2024,Trans Mountain Pipeline ULC,Trans Mountain pipeline,Westridge,49.2908,-122.95,west,export,refined petroleum products,0.0,,,,,
2024-05-01,5,2024,Trans Mountain Pipeline ULC,Trans Mountain pipeline,system,,,,,total,,55.3,10.0,,118.6,Maintenance
2024-06-01,6,2024,Trans Mountain Pipeline ULC,Trans Mountain pipeline,Burnaby,49.2685,-122.931,west,intracanada,domestic heavy,0.0,,,,,
2024-06-01,6,2024,Trans Mountain Pipeline ULC,Trans Mountain pipeline,Burnaby,49.2685,-122.931,west,intracanada,domestic light,8.57088,,,,,
2024-06-01,6,2024,Trans Mountain Pipeline ULC,Trans Mountain pipeline,Burnaby,49.2685,-122.931,west,intracanada,refined petroleum products,6.79612666666666,,,,,
2024-06-01,6,2024,Trans Mountain Pipeline ULC,Trans Mountain pipeline,Sumas,49.0766,-122.203,south,export,domestic heavy,0.0,,,,,
2024-06-01,6,2024,Trans Mountain Pipeline ULC,Trans Mountain pipeline,Sumas,49.0766,-122.203,south,export,domestic light,39.1064433333333,,,,,
2024-06-01,6,2024,Trans Mountain Pipeline ULC,Trans Mountain pipeline,Sumas,49.0766,-122.203,south,export,refined petroleum products,0.0,,,,,
2024-06-01,6,2024,Trans Mountain Pipeline ULC,Trans Mountain pipeline,Westridge,49.2908,-122.95,west,export,domestic heavy,52.89289,,,,,
2024-06-01,6,2024,Trans Mountain Pipeline ULC,Trans Mountain pipeline,Westridge,49.2908,-122.95,west,export,domestic light,4.5701,,,,,
2024-06-01,6,2024,Trans Mountain Pipeline ULC,Trans Mountain pipeline,Westridge,49.2908,-122.95,west,export,refined petroleum products,0.0,,,,,
2024-06-01,6,2024,Trans Mountain Pipeline ULC,Trans Mountain pipeline,system,,,,,total,,110.6,1.3,,137.6,
2024-07-01,7,2024,Trans Mountain Pipeline ULC,Trans Mountain pipeline,Burnaby,49.2685,-122.931,west,intracanada,domestic heavy,0.0,,,,,
2024-07-01,7,2024,Trans Mountain Pipeline ULC,Trans Mountain pipeline,Burnaby,49.2685,-122.931,west,intracanada,domestic light,8.37212903225806,,,,,
2024-07-01,7,2024,Trans Mountain Pipeline ULC,Trans Mountain pipeline,Burnaby,49.2685,-122.931,west,intracanada,refined petroleum products,6.97543870967741,,,,,
2024-07-01,7,2024,Trans Mountain Pipeline ULC,Trans Mountain pipeline,Sumas,49.0766,-122.203,south,export,domestic heavy,1.09120967741935,,,,,
2024-07-01,7,2024,Trans Mountain Pipeline ULC,Trans Mountain pipeline,Sumas,49.0766,-122.203,south,export,domestic light,37.1602870967741,,,,,
2024-07-01,7,2024,Trans Mountain Pipeline ULC,Trans Mountain pipeline,Sumas,49.0766,-122.203,south,export,refined petroleum products,0.0,,,,,
2024-07-01,7,2024,Trans Mountain Pipeline ULC,Trans Mountain pipeline,Westridge,49.2908,-122.95,west,export,domestic heavy,41.9580451612903,,,,,
2024-07-01,7,2024,Trans Mountain Pipeline ULC,Trans Mountain pipeline,Westridge,49.2908,-122.95,west,export,domestic light,16.388464516129,,,,,
2024-07-01,7,2024,Trans Mountain Pipeline ULC,Trans Mountain pipeline,Westridge,49.2908,-122.95,west,export,refined petroleum products,0.0,,,,,
2024-07-01,7,2024,Trans Mountain Pipeline ULC,Trans Mountain pipeline,system,,,,,total,,110.9,1.0,,139.0,
2024-08-01,8,2024,Trans Mountain Pipeline ULC,Trans Mountain pipeline,Burnaby,49.2685,-122.931,west,intracanada,domestic heavy,0.0,,,,,
2024-08-01,8,2024,Trans Mountain Pipeline ULC,Trans Mountain pipeline,Burnaby,49.2685,-122.931,west,intracanada,domestic light,8.74141612903225,,,,,
2024-08-01,8,2024,Trans Mountain Pipeline ULC,Trans Mountain pipeline,Burnaby,49.2685,-122.931,west,intracanada,refined petroleum products,6.94189032258064,,,,,
2024-08-01,8,2024,Trans Mountain Pipeline ULC,Trans Mountain pipeline,Sumas,49.0766,-122.203,south,export,domestic heavy,2.13283870967741,,,,,
2024-08-01,8,2024,Trans Mountain Pipeline ULC,Trans Mountain pipeline,Sumas,49.0766,-122.203,south,export,domestic light,32.7857096774193,,,,,
2024-08-01,8,2024,Trans Mountain Pipeline ULC,Trans Mountain pipeline,Sumas,49.0766,-122.203,south,export,refined petroleum products,0.0,,,,,
2024-08-01,8,2024,Trans Mountain Pipeline ULC,Trans Mountain pipeline,Westridge,49.2908,-122.95,west,export,domestic heavy,43.0767096774193,,,,,
2024-08-01,8,2024,Trans Mountain Pipeline ULC,Trans Mountain pipeline,Westridge,49.2908,-122.95,west,export,domestic light,17.4423612903225,,,,,
2024-08-01,8,2024,Trans Mountain Pipeline ULC,Trans Mountain pipeline,Westridge,49.2908,-122.95,west,export,refined petroleum products,0.0,,,,,
2024-08-01,8,2024,Trans Mountain Pipeline ULC,Trans Mountain pipeline,system,,,,,total,,109.9,1.2,,139.0,
2024-09-01,9,2024,Trans Mountain Pipeline ULC,Trans Mountain pipeline,Burnaby,49.2685,-122.931,west,intracanada,domestic heavy,0.0,,,,,
2024-09-01,9,2024,Trans Mountain Pipeline ULC,Trans Mountain pipeline,Burnaby,49.2685,-122.931,west,intracanada,domestic light,8.22685666666666,,,,,
2024-09-01,9,2024,Trans Mountain Pipeline ULC,Trans Mountain pipeline,Burnaby,49.2685,-122.931,west,intracanada,refined petroleum products,6.41305,,,,,
2024-09-01,9,2024,Trans Mountain Pipeline ULC,Trans Mountain pipeline,Sumas,49.0766,-122.203,south,export,domestic heavy,2.16675333333333,,,,,
2024-09-01,9,2024,Trans Mountain Pipeline ULC,Trans Mountain pipeline,Sumas,49.0766,-122.203,south,export,domestic light,35.35518,,,,,
2024-09-01,9,2024,Trans Mountain Pipeline ULC,Trans Mountain pipeline,Sumas,49.0766,-122.203,south,export,refined petroleum products,0.0,,,,,
2024-09-01,9,2024,Trans Mountain Pipeline ULC,Trans Mountain pipeline,Westridge,49.2908,-122.95,west,export,domestic heavy,33.9052166666666,,,,,
2024-09-01,9,2024,Trans Mountain Pipeline ULC,Trans Mountain pipeline,Westridge,49.2908,-122.95,west,export,domestic light,21.03589,,,,,
2024-09-01,9,2024,Trans Mountain Pipeline ULC,Trans Mountain pipeline,Westridge,49.2908,-122.95,west,export,refined petroleum products,0.0,,,,,
2024-09-01,9,2024,Trans Mountain Pipeline ULC,Trans Mountain pipeline,system,,,,,total,,106.4,0.7,,129.0,Maintenance
2024-10-01,10,2024,Trans Mountain Pipeline ULC,Trans Mountain pipeline,Burnaby,49.2685,-122.931,west,intracanada,domestic heavy,0.0,,,,,
2024-10-01,10,2024,Trans Mountain Pipeline ULC,Trans Mountain pipeline,Burnaby,49.2685,-122.931,west,intracanada,domestic light,8.26065161290322,,,,,
2024-10-01,10,2024,Trans Mountain Pipeline ULC,Trans Mountain pipeline,Burnaby,49.2685,-122.931,west,intracanada,refined petroleum products,7.45086129032258,,,,,
2024-10-01,10,2024,Trans Mountain Pipeline ULC,Trans Mountain pipeline,Sumas,49.0766,-122.203,south,export,domestic heavy,2.16090322580645,,,,,
2024-10-01,10,2024,Trans Mountain Pipeline ULC,Trans Mountain pipeline,Sumas,49.0766,-122.203,south,export,domestic light,34.8646838709677,,,,,
2024-10-01,10,2024,Trans Mountain Pipeline ULC,Trans Mountain pipeline,Westridge,49.2908,-122.95,west,export,domestic heavy,53.7425064516129,,,,,
2024-10-01,10,2024,Trans Mountain Pipeline ULC,Trans Mountain pipeline,Westridge,49.2908,-122.95,west,export,domestic light,11.0622967741935,,,,,
2024-10-01,10,2024,Trans Mountain Pipeline ULC,Trans Mountain pipeline,Westridge,49.2908,-122.95,west,export,refined petroleum products,0.0,,,,,
2024-10-01,10,2024,Trans Mountain Pipeline ULC,Trans Mountain pipeline,system,,,,,total,,113.0,4.5,,136.0,
2024-11-01,11,2024,Trans Mountain Pipeline ULC,Trans Mountain pipeline,Burnaby,49.2685,-122.931,west,intracanada,domestic heavy,0.0,,,,,
2024-11-01,11,2024,Trans Mountain Pipeline ULC,Trans Mountain pipeline,Burnaby,49.2685,-122.931,west,intracanada,domestic light,8.48065666666666,,,,,
2024-11-01,11,2024,Trans Mountain Pipeline ULC,Trans Mountain pipeline,Burnaby,49.2685,-122.931,west,intracanada,refined petroleum products,5.17729333333333,,,,,
2024-11-01,11,2024,Trans Mountain Pipeline ULC,Trans Mountain pipeline,Sumas,49.0766,-122.203,south,export,domestic heavy,2.21754666666666,,,,,
2024-11-01,11,2024,Trans Mountain Pipeline ULC,Trans Mountain pipeline,Sumas,49.0766,-122.203,south,export,domestic light,34.6223033333333,,,,,
2024-11-01,11,2024,Trans Mountain Pipeline ULC,Trans Mountain pipeline,Westridge,49.2908,-122.95,west,export,domestic heavy,54.1487633333333,,,,,
2024-11-01,11,2024,Trans Mountain Pipeline ULC,Trans Mountain pipeline,Westridge,49.2908,-122.95,west,export,domestic light,13.70677,,,,,
2024-11-01,11,2024,Trans Mountain Pipeline ULC,Trans Mountain pipeline,Westridge,49.2908,-122.95,west,export,refined petroleum products,0.0,,,,,
2024-11-01,11,2024,Trans Mountain Pipeline ULC,Trans Mountain pipeline,system,,,,,total,,114.9,3.4,,139.0,
2024-12-01,12,2024,Trans Mountain Pipeline ULC,Trans Mountain pipeline,Burnaby,49.2685,-122.931,west,intracanada,domestic heavy,0.0,,,,,
2024-12-01,12,2024,Trans Mountain Pipeline ULC,Trans Mountain pipeline,Burnaby,49.2685,-122.931,west,intracanada,domestic light,5.87246129032258,,,,,
2024-12-01,12,2024,Trans Mountain Pipeline ULC,Trans Mountain pipeline,Burnaby,49.2685,-122.931,west,intracanada,refined petroleum products,6.68897419354838,,,,,
2024-12-01,12,2024,Trans Mountain Pipeline ULC,Trans Mountain pipeline,Sumas,49.0766,-122.203,south,export,domestic heavy,1.99388387096774,,,,,
2024-12-01,12,2024,Trans Mountain Pipeline ULC,Trans Mountain pipeline,Sumas,49.0766,-122.203,south,export,domestic light,38.0613,,,,,
2024-12-01,12,2024,Trans Mountain Pipeline ULC,Trans Mountain pipeline,Westridge,49.2908,-122.95,west,export,domestic heavy,45.7196032258064,,,,,
2024-12-01,12,2024,Trans Mountain Pipeline ULC,Trans Mountain pipeline,Westridge,49.2908,-122.95,west,export,domestic light,9.98388064516129,,,,,
2024-12-01,12,2024,Trans Mountain Pipeline ULC,Trans Mountain pipeline,Westridge,49.2908,-122.95,west,export,refined petroleum products,0.0,,,,,
2024-12-01,12,2024,Trans Mountain Pipeline ULC,Trans Mountain pipeline,system,,,,,total,,107.2,1.1,,143.0,
2025-01-01,1,2025,Trans Mountain Pipeline ULC,Trans Mountain pipeline,Burnaby,49.2685,-122.931,west,intracanada,domestic heavy,0.0,,,,,
2025-01-01,1,2025,Trans Mountain Pipeline ULC,Trans Mountain pipeline,Burnaby,49.2685,-122.931,west,intracanada,domestic light,8.149709677,,,,,
2025-01-01,1,2025,Trans Mountain Pipeline ULC,Trans Mountain pipeline,Burnaby,49.2685,-122.931,west,intracanada,refined petroleum products,7.127770968,,,,,
2025-01-01,1,2025,Trans Mountain Pipeline ULC,Trans Mountain pipeline,Sumas,49.0766,-122.203,south,export,domestic heavy,3.09666129,,,,,
2025-01-01,1,2025,Trans Mountain Pipeline ULC,Trans Mountain pipeline,Sumas,49.0766,-122.203,south,export,domestic light,35.39997097,,,,,
2025-01-01,1,2025,Trans Mountain Pipeline ULC,Trans Mountain pipeline,Westridge,49.2908,-122.95,west,export,domestic heavy,56.46275161,,,,,
2025-01-01,1,2025,Trans Mountain Pipeline ULC,Trans Mountain pipeline,Westridge,49.2908,-122.95,west,export,domestic light,10.09898387,,,,,
2025-01-01,1,2025,Trans Mountain Pipeline ULC,Trans Mountain pipeline,Westridge,49.2908,-122.95,west,export,refined petroleum products,0.0,,,,,
2025-01-01,1,2025,Trans Mountain Pipeline ULC,Trans Mountain pipeline,system,,,,,total,,119.1,1.3,,143.0,
2025-02-01,2,2025,Trans Mountain Pipeline ULC,Trans Mountain pipeline,Burnaby,49.2685,-122.931,west,intracanada,domestic heavy,0.0,,,,,
2025-02-01,2,2025,Trans Mountain Pipeline ULC,Trans Mountain pipeline,Burnaby,49.2685,-122.931,west,intracanada,domestic light,2.050485714,,,,,
2025-02-01,2,2025,Trans Mountain Pipeline ULC,Trans Mountain pipeline,Burnaby,49.2685,-122.931,west,intracanada,refined petroleum products,9.267607143,,,,,
2025-02-01,2,2025,Trans Mountain Pipeline ULC,Trans Mountain pipeline,Sumas,49.0766,-122.203,south,export,domestic heavy,3.57275,,,,,
2025-02-01,2,2025,Trans Mountain Pipeline ULC,Trans Mountain pipeline,Sumas,49.0766,-122.203,south,export,domestic light,36.06960714,,,,,
2025-02-01,2,2025,Trans Mountain Pipeline ULC,Trans Mountain pipeline,Westridge,49.2908,-122.95,west,export,domestic heavy,51.37992143,,,,,
2025-02-01,2,2025,Trans Mountain Pipeline ULC,Trans Mountain pipeline,Westridge,49.2908,-122.95,west,export,domestic light,11.98919643,,,,,
2025-02-01,2,2025,Trans Mountain Pipeline ULC,Trans Mountain pipeline,Westridge,49.2908,-122.95,west,export,refined petroleum products,0.0,,,,,
2025-02-01,2,2025,Trans Mountain Pipeline ULC,Trans Mountain pipeline,system,,,,,total,,110.5,3.9,,142.0,
2025-03-01,3,2025,Trans Mountain Pipeline ULC,Trans Mountain pipeline,Burnaby,49.2685,-122.931,west,intracanada,domestic heavy,0.0,,,,,
2025-03-01,3,2025,Trans Mountain Pipeline ULC,Trans Mountain pipeline,Burnaby,49.2685,-122.931,west,intracanada,domestic light,8.629006452,,,,,
2025-03-01,3,2025,Trans Mountain Pipeline ULC,Trans Mountain pipeline,Burnaby,49.2685,-122.931,west,intracanada,refined petroleum products,5.093148387,,,,,
2025-03-01,3,2025,Trans Mountain Pipeline ULC,Trans Mountain pipeline,Sumas,49.0766,-122.203,south,export,domestic heavy,0.0,,,,,
2025-03-01,3,2025,Trans Mountain Pipeline ULC,Trans Mountain pipeline,Sumas,49.0766,-122.203,south,export,domestic light,30.67740323,,,,,
2025-03-01,3,2025,Trans Mountain Pipeline ULC,Trans Mountain pipeline,Westridge,49.2908,-122.95,west,export,domestic heavy,67.22331935,,,,,
2025-03-01,3,2025,Trans Mountain Pipeline ULC,Trans Mountain pipeline,Westridge,49.2908,-122.95,west,export,domestic light,14.40386129,,,,,
2025-03-01,3,2025,Trans Mountain Pipeline ULC,Trans Mountain pipeline,Westridge,49.2908,-122.95,west,export,refined petroleum products,0.0,,,,,
2025-03-01,3,2025,Trans Mountain Pipeline ULC,Trans Mountain pipeline,system,,,,,total,,117.9,8.1,,142.0,
